sample	group	end	motif	full_count	sampled_count
seq003213	healthy	5prime	ACTTC	27366	1000
seq003213	healthy	5prime	ACTTT	47297	1000
seq003213	healthy	3prime	TTTCA	53974	1000
seq003213	healthy	3prime	TCTCA	43961	1000
seq003213	healthy	3prime	TTCCA	60505	1000
seq003213	healthy	5prime	ATTTC	17129	1000
seq003213	healthy	3prime	GGGGG	80972	1000
seq003213	healthy	5prime	GATCG	19333	1000
seq003237	healthy	5prime	ACTTC	21847	1000
seq003237	healthy	5prime	ACTTT	37697	1000
seq003237	healthy	3prime	TTTCA	49357	1000
seq003237	healthy	3prime	TCTCA	41356	1000
seq003237	healthy	3prime	TTCCA	57940	1000
seq003237	healthy	5prime	ATTTC	13697	1000
seq003237	healthy	3prime	GGGGG	90822	1000
seq003237	healthy	5prime	GATCG	26119	1000
seq003331	healthy	5prime	ACTTC	21016	1000
seq003331	healthy	5prime	ACTTT	36479	1000
seq003331	healthy	3prime	TTTCA	47470	1000
seq003331	healthy	3prime	TCTCA	39535	1000
seq003331	healthy	3prime	TTCCA	55886	1000
seq003331	healthy	5prime	ATTTC	12863	1000
seq003331	healthy	3prime	GGGGG	66604	1000
seq003331	healthy	5prime	GATCG	42364	1000
seq046366	healthy	5prime	ACTTC	37731	1000
seq046366	healthy	5prime	ACTTT	68980	1000
seq046366	healthy	3prime	TTTCA	25873	1000
seq046366	healthy	3prime	TCTCA	19043	1000
seq046366	healthy	3prime	TTCCA	19568	1000
seq046366	healthy	5prime	ATTTC	23320	1000
seq046366	healthy	3prime	GGGGG	645117	1000
seq046366	healthy	5prime	GATCG	633003	1000
seq046368	healthy	5prime	ACTTC	27090	1000
seq046368	healthy	5prime	ACTTT	51021	1000
seq046368	healthy	3prime	TTTCA	27340	1000
seq046368	healthy	3prime	TCTCA	19700	1000
seq046368	healthy	3prime	TTCCA	20687	1000
seq046368	healthy	5prime	ATTTC	18626	1000
seq046368	healthy	3prime	GGGGG	385675	1000
seq046368	healthy	5prime	GATCG	361869	1000
seq046369	healthy	5prime	ACTTC	38612	1000
seq046369	healthy	5prime	ACTTT	71559	1000
seq046369	healthy	3prime	TTTCA	36940	1000
seq046369	healthy	3prime	TCTCA	26865	1000
seq046369	healthy	3prime	TTCCA	27533	1000
seq046369	healthy	5prime	ATTTC	25938	1000
seq046369	healthy	3prime	GGGGG	508854	1000
seq046369	healthy	5prime	GATCG	457898	1000
seq046417	healthy	5prime	ACTTC	46562	1000
seq046417	healthy	5prime	ACTTT	84403	1000
seq046417	healthy	3prime	TTTCA	40158	1000
seq046417	healthy	3prime	TCTCA	29830	1000
seq046417	healthy	3prime	TTCCA	31173	1000
seq046417	healthy	5prime	ATTTC	30836	1000
seq046417	healthy	3prime	GGGGG	800389	1000
seq046417	healthy	5prime	GATCG	754707	1000
seq046449	healthy	5prime	ACTTC	27995	1000
seq046449	healthy	5prime	ACTTT	52112	1000
seq046449	healthy	3prime	TTTCA	30634	1000
seq046449	healthy	3prime	TCTCA	21879	1000
seq046449	healthy	3prime	TTCCA	22849	1000
seq046449	healthy	5prime	ATTTC	19577	1000
seq046449	healthy	3prime	GGGGG	756318	1000
seq046449	healthy	5prime	GATCG	773680	1000
seq046566	healthy	5prime	ACTTC	42504	1000
seq046566	healthy	5prime	ACTTT	80470	1000
seq046566	healthy	3prime	TTTCA	29046	1000
seq046566	healthy	3prime	TCTCA	20929	1000
seq046566	healthy	3prime	TTCCA	21730	1000
seq046566	healthy	5prime	ATTTC	27389	1000
seq046566	healthy	3prime	GGGGG	658656	1000
seq046566	healthy	5prime	GATCG	630438	1000
seq046606	healthy	5prime	ACTTC	29695	1000
seq046606	healthy	5prime	ACTTT	55005	1000
seq046606	healthy	3prime	TTTCA	29119	1000
seq046606	healthy	3prime	TCTCA	21445	1000
seq046606	healthy	3prime	TTCCA	22056	1000
seq046606	healthy	5prime	ATTTC	20483	1000
seq046606	healthy	3prime	GGGGG	715705	1000
seq046606	healthy	5prime	GATCG	684480	1000
seq046614	healthy	5prime	ACTTC	45361	1000
seq046614	healthy	5prime	ACTTT	82233	1000
seq046614	healthy	3prime	TTTCA	40271	1000
seq046614	healthy	3prime	TCTCA	28696	1000
seq046614	healthy	3prime	TTCCA	30250	1000
seq046614	healthy	5prime	ATTTC	29815	1000
seq046614	healthy	3prime	GGGGG	1090671	1000
seq046614	healthy	5prime	GATCG	1043004	1000
seq046618	healthy	5prime	ACTTC	43136	1000
seq046618	healthy	5prime	ACTTT	81142	1000
seq046618	healthy	3prime	TTTCA	37729	1000
seq046618	healthy	3prime	TCTCA	27459	1000
seq046618	healthy	3prime	TTCCA	28294	1000
seq046618	healthy	5prime	ATTTC	28949	1000
seq046618	healthy	3prime	GGGGG	1170604	1000
seq046618	healthy	5prime	GATCG	1133298	1000
seq046623	healthy	5prime	ACTTC	41166	1000
seq046623	healthy	5prime	ACTTT	75737	1000
seq046623	healthy	3prime	TTTCA	34820	1000
seq046623	healthy	3prime	TCTCA	24771	1000
seq046623	healthy	3prime	TTCCA	25958	1000
seq046623	healthy	5prime	ATTTC	27033	1000
seq046623	healthy	3prime	GGGGG	1113209	1000
seq046623	healthy	5prime	GATCG	1080427	1000
seq046639	healthy	5prime	ACTTC	38850	1000
seq046639	healthy	5prime	ACTTT	71245	1000
seq046639	healthy	3prime	TTTCA	43022	1000
seq046639	healthy	3prime	TCTCA	31579	1000
seq046639	healthy	3prime	TTCCA	32471	1000
seq046639	healthy	5prime	ATTTC	26391	1000
seq046639	healthy	3prime	GGGGG	1241394	1000
seq046639	healthy	5prime	GATCG	1202981	1000
seq046641	healthy	5prime	ACTTC	50790	1000
seq046641	healthy	5prime	ACTTT	94844	1000
seq046641	healthy	3prime	TTTCA	40431	1000
seq046641	healthy	3prime	TCTCA	29059	1000
seq046641	healthy	3prime	TTCCA	30510	1000
seq046641	healthy	5prime	ATTTC	32615	1000
seq046641	healthy	3prime	GGGGG	727432	1000
seq046641	healthy	5prime	GATCG	696964	1000
seq046749	healthy	5prime	ACTTC	32947	1000
seq046749	healthy	5prime	ACTTT	60447	1000
seq046749	healthy	3prime	TTTCA	25653	1000
seq046749	healthy	3prime	TCTCA	18405	1000
seq046749	healthy	3prime	TTCCA	19373	1000
seq046749	healthy	5prime	ATTTC	21862	1000
seq046749	healthy	3prime	GGGGG	531004	1000
seq046749	healthy	5prime	GATCG	521912	1000
seq046750	healthy	5prime	ACTTC	30739	1000
seq046750	healthy	5prime	ACTTT	57085	1000
seq046750	healthy	3prime	TTTCA	28362	1000
seq046750	healthy	3prime	TCTCA	20166	1000
seq046750	healthy	3prime	TTCCA	21172	1000
seq046750	healthy	5prime	ATTTC	20989	1000
seq046750	healthy	3prime	GGGGG	531000	1000
seq046750	healthy	5prime	GATCG	518874	1000
seq046758	healthy	5prime	ACTTC	36943	1000
seq046758	healthy	5prime	ACTTT	69388	1000
seq046758	healthy	3prime	TTTCA	34648	1000
seq046758	healthy	3prime	TCTCA	24553	1000
seq046758	healthy	3prime	TTCCA	25675	1000
seq046758	healthy	5prime	ATTTC	24652	1000
seq046758	healthy	3prime	GGGGG	572666	1000
seq046758	healthy	5prime	GATCG	554564	1000
seq046810	healthy	5prime	ACTTC	36461	1000
seq046810	healthy	5prime	ACTTT	66753	1000
seq046810	healthy	3prime	TTTCA	33840	1000
seq046810	healthy	3prime	TCTCA	24066	1000
seq046810	healthy	3prime	TTCCA	25252	1000
seq046810	healthy	5prime	ATTTC	23423	1000
seq046810	healthy	3prime	GGGGG	610905	1000
seq046810	healthy	5prime	GATCG	580261	1000
seq047238	healthy	5prime	ACTTC	48526	1000
seq047238	healthy	5prime	ACTTT	91513	1000
seq047238	healthy	3prime	TTTCA	36696	1000
seq047238	healthy	3prime	TCTCA	26197	1000
seq047238	healthy	3prime	TTCCA	26860	1000
seq047238	healthy	5prime	ATTTC	32869	1000
seq047238	healthy	3prime	GGGGG	1002778	1000
seq047238	healthy	5prime	GATCG	984078	1000
seq047248	healthy	5prime	ACTTC	37354	1000
seq047248	healthy	5prime	ACTTT	68733	1000
seq047248	healthy	3prime	TTTCA	32814	1000
seq047248	healthy	3prime	TCTCA	23654	1000
seq047248	healthy	3prime	TTCCA	24848	1000
seq047248	healthy	5prime	ATTTC	24739	1000
seq047248	healthy	3prime	GGGGG	709919	1000
seq047248	healthy	5prime	GATCG	681763	1000
seq047288	healthy	5prime	ACTTC	38877	1000
seq047288	healthy	5prime	ACTTT	72733	1000
seq047288	healthy	3prime	TTTCA	32351	1000
seq047288	healthy	3prime	TCTCA	23007	1000
seq047288	healthy	3prime	TTCCA	24449	1000
seq047288	healthy	5prime	ATTTC	26737	1000
seq047288	healthy	3prime	GGGGG	674560	1000
seq047288	healthy	5prime	GATCG	640053	1000
seq047303	healthy	5prime	ACTTC	38740	1000
seq047303	healthy	5prime	ACTTT	73243	1000
seq047303	healthy	3prime	TTTCA	34970	1000
seq047303	healthy	3prime	TCTCA	25515	1000
seq047303	healthy	3prime	TTCCA	26367	1000
seq047303	healthy	5prime	ATTTC	25219	1000
seq047303	healthy	3prime	GGGGG	915946	1000
seq047303	healthy	5prime	GATCG	879666	1000
seq047656	healthy	5prime	ACTTC	52799	1000
seq047656	healthy	5prime	ACTTT	98380	1000
seq047656	healthy	3prime	TTTCA	38948	1000
seq047656	healthy	3prime	TCTCA	28024	1000
seq047656	healthy	3prime	TTCCA	29192	1000
seq047656	healthy	5prime	ATTTC	35312	1000
seq047656	healthy	3prime	GGGGG	484293	1000
seq047656	healthy	5prime	GATCG	445489	1000
seq047660	healthy	5prime	ACTTC	42667	1000
seq047660	healthy	5prime	ACTTT	80638	1000
seq047660	healthy	3prime	TTTCA	36281	1000
seq047660	healthy	3prime	TCTCA	25638	1000
seq047660	healthy	3prime	TTCCA	27326	1000
seq047660	healthy	5prime	ATTTC	29409	1000
seq047660	healthy	3prime	GGGGG	487546	1000
seq047660	healthy	5prime	GATCG	457457	1000
seq047702	healthy	5prime	ACTTC	51704	1000
seq047702	healthy	5prime	ACTTT	96121	1000
seq047702	healthy	3prime	TTTCA	38903	1000
seq047702	healthy	3prime	TCTCA	27421	1000
seq047702	healthy	3prime	TTCCA	28856	1000
seq047702	healthy	5prime	ATTTC	33880	1000
seq047702	healthy	3prime	GGGGG	744361	1000
seq047702	healthy	5prime	GATCG	714193	1000
seq047715	healthy	5prime	ACTTC	30178	1000
seq047715	healthy	5prime	ACTTT	56494	1000
seq047715	healthy	3prime	TTTCA	29382	1000
seq047715	healthy	3prime	TCTCA	21496	1000
seq047715	healthy	3prime	TTCCA	22246	1000
seq047715	healthy	5prime	ATTTC	21137	1000
seq047715	healthy	3prime	GGGGG	535645	1000
seq047715	healthy	5prime	GATCG	504946	1000
seq047845	healthy	5prime	ACTTC	47475	1000
seq047845	healthy	5prime	ACTTT	87165	1000
seq047845	healthy	3prime	TTTCA	39759	1000
seq047845	healthy	3prime	TCTCA	28415	1000
seq047845	healthy	3prime	TTCCA	29647	1000
seq047845	healthy	5prime	ATTTC	29833	1000
seq047845	healthy	3prime	GGGGG	2509925	1000
seq047845	healthy	5prime	GATCG	2510115	1000
seq047854	healthy	5prime	ACTTC	46611	1000
seq047854	healthy	5prime	ACTTT	84379	1000
seq047854	healthy	3prime	TTTCA	36903	1000
seq047854	healthy	3prime	TCTCA	24726	1000
seq047854	healthy	3prime	TTCCA	26384	1000
seq047854	healthy	5prime	ATTTC	31594	1000
seq047854	healthy	3prime	GGGGG	1457095	1000
seq047854	healthy	5prime	GATCG	1452899	1000
seq047877	healthy	5prime	ACTTC	52465	1000
seq047877	healthy	5prime	ACTTT	96482	1000
seq047877	healthy	3prime	TTTCA	44127	1000
seq047877	healthy	3prime	TCTCA	31759	1000
seq047877	healthy	3prime	TTCCA	33143	1000
seq047877	healthy	5prime	ATTTC	34479	1000
seq047877	healthy	3prime	GGGGG	1758827	1000
seq047877	healthy	5prime	GATCG	1718854	1000
seq047894	healthy	5prime	ACTTC	29832	1000
seq047894	healthy	5prime	ACTTT	56232	1000
seq047894	healthy	3prime	TTTCA	26618	1000
seq047894	healthy	3prime	TCTCA	18746	1000
seq047894	healthy	3prime	TTCCA	19928	1000
seq047894	healthy	5prime	ATTTC	19867	1000
seq047894	healthy	3prime	GGGGG	1162941	1000
seq047894	healthy	5prime	GATCG	1159615	1000
seq047898	healthy	5prime	ACTTC	42678	1000
seq047898	healthy	5prime	ACTTT	80219	1000
seq047898	healthy	3prime	TTTCA	34787	1000
seq047898	healthy	3prime	TCTCA	24763	1000
seq047898	healthy	3prime	TTCCA	25877	1000
seq047898	healthy	5prime	ATTTC	27968	1000
seq047898	healthy	3prime	GGGGG	1831300	1000
seq047898	healthy	5prime	GATCG	1807899	1000
seq048030	healthy	5prime	ACTTC	28507	1000
seq048030	healthy	5prime	ACTTT	52721	1000
seq048030	healthy	3prime	TTTCA	30215	1000
seq048030	healthy	3prime	TCTCA	21654	1000
seq048030	healthy	3prime	TTCCA	22959	1000
seq048030	healthy	5prime	ATTTC	19522	1000
seq048030	healthy	3prime	GGGGG	336827	1000
seq048030	healthy	5prime	GATCG	301915	1000
seq048091	healthy	5prime	ACTTC	42858	1000
seq048091	healthy	5prime	ACTTT	78878	1000
seq048091	healthy	3prime	TTTCA	38109	1000
seq048091	healthy	3prime	TCTCA	27738	1000
seq048091	healthy	3prime	TTCCA	29160	1000
seq048091	healthy	5prime	ATTTC	27977	1000
seq048091	healthy	3prime	GGGGG	427919	1000
seq048091	healthy	5prime	GATCG	387512	1000
seq048117	healthy	5prime	ACTTC	40428	1000
seq048117	healthy	5prime	ACTTT	74143	1000
seq048117	healthy	3prime	TTTCA	32555	1000
seq048117	healthy	3prime	TCTCA	23462	1000
seq048117	healthy	3prime	TTCCA	24369	1000
seq048117	healthy	5prime	ATTTC	25650	1000
seq048117	healthy	3prime	GGGGG	1108932	1000
seq048117	healthy	5prime	GATCG	1140989	1000
seq048120	healthy	5prime	ACTTC	69765	1000
seq048120	healthy	5prime	ACTTT	130645	1000
seq048120	healthy	3prime	TTTCA	48088	1000
seq048120	healthy	3prime	TCTCA	34364	1000
seq048120	healthy	3prime	TTCCA	35832	1000
seq048120	healthy	5prime	ATTTC	46425	1000
seq048120	healthy	3prime	GGGGG	1296616	1000
seq048120	healthy	5prime	GATCG	1259623	1000
seq048355	healthy	5prime	ACTTC	35414	1000
seq048355	healthy	5prime	ACTTT	67019	1000
seq048355	healthy	3prime	TTTCA	35220	1000
seq048355	healthy	3prime	TCTCA	25727	1000
seq048355	healthy	3prime	TTCCA	26726	1000
seq048355	healthy	5prime	ATTTC	25414	1000
seq048355	healthy	3prime	GGGGG	119946	1000
seq048355	healthy	5prime	GATCG	66405	1000
seq052440	healthy	5prime	ACTTC	43073	1000
seq052440	healthy	5prime	ACTTT	80579	1000
seq052440	healthy	3prime	TTTCA	32904	1000
seq052440	healthy	3prime	TCTCA	23080	1000
seq052440	healthy	3prime	TTCCA	24702	1000
seq052440	healthy	5prime	ATTTC	28021	1000
seq052440	healthy	3prime	GGGGG	110480	1000
seq052440	healthy	5prime	GATCG	59910	1000
seq052445	healthy	5prime	ACTTC	70893	1000
seq052445	healthy	5prime	ACTTT	132005	1000
seq052445	healthy	3prime	TTTCA	32032	1000
seq052445	healthy	3prime	TCTCA	23009	1000
seq052445	healthy	3prime	TTCCA	24344	1000
seq052445	healthy	5prime	ATTTC	44711	1000
seq052445	healthy	3prime	GGGGG	108230	1000
seq052445	healthy	5prime	GATCG	55576	1000
seq052446	healthy	5prime	ACTTC	29836	1000
seq052446	healthy	5prime	ACTTT	54383	1000
seq052446	healthy	3prime	TTTCA	25267	1000
seq052446	healthy	3prime	TCTCA	18280	1000
seq052446	healthy	3prime	TTCCA	19041	1000
seq052446	healthy	5prime	ATTTC	19630	1000
seq052446	healthy	3prime	GGGGG	87031	1000
seq052446	healthy	5prime	GATCG	45322	1000
seq052448	healthy	5prime	ACTTC	38109	1000
seq052448	healthy	5prime	ACTTT	70976	1000
seq052448	healthy	3prime	TTTCA	32576	1000
seq052448	healthy	3prime	TCTCA	23687	1000
seq052448	healthy	3prime	TTCCA	25112	1000
seq052448	healthy	5prime	ATTTC	25668	1000
seq052448	healthy	3prime	GGGGG	151674	1000
seq052448	healthy	5prime	GATCG	100762	1000
seq052449	healthy	5prime	ACTTC	34850	1000
seq052449	healthy	5prime	ACTTT	65143	1000
seq052449	healthy	3prime	TTTCA	26745	1000
seq052449	healthy	3prime	TCTCA	18749	1000
seq052449	healthy	3prime	TTCCA	20305	1000
seq052449	healthy	5prime	ATTTC	22617	1000
seq052449	healthy	3prime	GGGGG	98483	1000
seq052449	healthy	5prime	GATCG	58995	1000
seq052451	healthy	5prime	ACTTC	54884	1000
seq052451	healthy	5prime	ACTTT	102259	1000
seq052451	healthy	3prime	TTTCA	29783	1000
seq052451	healthy	3prime	TCTCA	21075	1000
seq052451	healthy	3prime	TTCCA	22412	1000
seq052451	healthy	5prime	ATTTC	34208	1000
seq052451	healthy	3prime	GGGGG	109170	1000
seq052451	healthy	5prime	GATCG	63442	1000
seq052453	healthy	5prime	ACTTC	42870	1000
seq052453	healthy	5prime	ACTTT	79345	1000
seq052453	healthy	3prime	TTTCA	34007	1000
seq052453	healthy	3prime	TCTCA	23890	1000
seq052453	healthy	3prime	TTCCA	25360	1000
seq052453	healthy	5prime	ATTTC	26044	1000
seq052453	healthy	3prime	GGGGG	132039	1000
seq052453	healthy	5prime	GATCG	81904	1000
seq052454	healthy	5prime	ACTTC	56896	1000
seq052454	healthy	5prime	ACTTT	106519	1000
seq052454	healthy	3prime	TTTCA	28640	1000
seq052454	healthy	3prime	TCTCA	20475	1000
seq052454	healthy	3prime	TTCCA	21519	1000
seq052454	healthy	5prime	ATTTC	35392	1000
seq052454	healthy	3prime	GGGGG	103171	1000
seq052454	healthy	5prime	GATCG	59588	1000
seq052460	healthy	5prime	ACTTC	43688	1000
seq052460	healthy	5prime	ACTTT	80181	1000
seq052460	healthy	3prime	TTTCA	31472	1000
seq052460	healthy	3prime	TCTCA	22715	1000
seq052460	healthy	3prime	TTCCA	23664	1000
seq052460	healthy	5prime	ATTTC	27619	1000
seq052460	healthy	3prime	GGGGG	107991	1000
seq052460	healthy	5prime	GATCG	55291	1000
seq052636	healthy	5prime	ACTTC	43800	1000
seq052636	healthy	5prime	ACTTT	82628	1000
seq052636	healthy	3prime	TTTCA	26682	1000
seq052636	healthy	3prime	TCTCA	18496	1000
seq052636	healthy	3prime	TTCCA	19993	1000
seq052636	healthy	5prime	ATTTC	28155	1000
seq052636	healthy	3prime	GGGGG	434060	1000
seq052636	healthy	5prime	GATCG	414521	1000
seq052637	healthy	5prime	ACTTC	45886	1000
seq052637	healthy	5prime	ACTTT	85531	1000
seq052637	healthy	3prime	TTTCA	30880	1000
seq052637	healthy	3prime	TCTCA	22944	1000
seq052637	healthy	3prime	TTCCA	23344	1000
seq052637	healthy	5prime	ATTTC	29500	1000
seq052637	healthy	3prime	GGGGG	399883	1000
seq052637	healthy	5prime	GATCG	373534	1000
seq052638	healthy	5prime	ACTTC	38860	1000
seq052638	healthy	5prime	ACTTT	72208	1000
seq052638	healthy	3prime	TTTCA	28159	1000
seq052638	healthy	3prime	TCTCA	20054	1000
seq052638	healthy	3prime	TTCCA	21088	1000
seq052638	healthy	5prime	ATTTC	25719	1000
seq052638	healthy	3prime	GGGGG	405591	1000
seq052638	healthy	5prime	GATCG	385320	1000
seq052640	healthy	5prime	ACTTC	49115	1000
seq052640	healthy	5prime	ACTTT	92389	1000
seq052640	healthy	3prime	TTTCA	29146	1000
seq052640	healthy	3prime	TCTCA	21045	1000
seq052640	healthy	3prime	TTCCA	22151	1000
seq052640	healthy	5prime	ATTTC	31334	1000
seq052640	healthy	3prime	GGGGG	423650	1000
seq052640	healthy	5prime	GATCG	405107	1000
seq052641	healthy	5prime	ACTTC	35686	1000
seq052641	healthy	5prime	ACTTT	66338	1000
seq052641	healthy	3prime	TTTCA	24777	1000
seq052641	healthy	3prime	TCTCA	17276	1000
seq052641	healthy	3prime	TTCCA	18331	1000
seq052641	healthy	5prime	ATTTC	21421	1000
seq052641	healthy	3prime	GGGGG	515979	1000
seq052641	healthy	5prime	GATCG	519165	1000
seq052643	healthy	5prime	ACTTC	40354	1000
seq052643	healthy	5prime	ACTTT	76472	1000
seq052643	healthy	3prime	TTTCA	29461	1000
seq052643	healthy	3prime	TCTCA	21396	1000
seq052643	healthy	3prime	TTCCA	22355	1000
seq052643	healthy	5prime	ATTTC	26274	1000
seq052643	healthy	3prime	GGGGG	397630	1000
seq052643	healthy	5prime	GATCG	371200	1000
seq052644	healthy	5prime	ACTTC	32990	1000
seq052644	healthy	5prime	ACTTT	60447	1000
seq052644	healthy	3prime	TTTCA	26087	1000
seq052644	healthy	3prime	TCTCA	18625	1000
seq052644	healthy	3prime	TTCCA	19847	1000
seq052644	healthy	5prime	ATTTC	21014	1000
seq052644	healthy	3prime	GGGGG	300198	1000
seq052644	healthy	5prime	GATCG	278659	1000
seq052648	healthy	5prime	ACTTC	33768	1000
seq052648	healthy	5prime	ACTTT	62478	1000
seq052648	healthy	3prime	TTTCA	27456	1000
seq052648	healthy	3prime	TCTCA	19286	1000
seq052648	healthy	3prime	TTCCA	20599	1000
seq052648	healthy	5prime	ATTTC	22439	1000
seq052648	healthy	3prime	GGGGG	345035	1000
seq052648	healthy	5prime	GATCG	336799	1000
seq052650	healthy	5prime	ACTTC	42401	1000
seq052650	healthy	5prime	ACTTT	80273	1000
seq052650	healthy	3prime	TTTCA	31828	1000
seq052650	healthy	3prime	TCTCA	22475	1000
seq052650	healthy	3prime	TTCCA	23847	1000
seq052650	healthy	5prime	ATTTC	27591	1000
seq052650	healthy	3prime	GGGGG	338821	1000
seq052650	healthy	5prime	GATCG	308145	1000
seq052651	healthy	5prime	ACTTC	44928	1000
seq052651	healthy	5prime	ACTTT	82274	1000
seq052651	healthy	3prime	TTTCA	33674	1000
seq052651	healthy	3prime	TCTCA	25004	1000
seq052651	healthy	3prime	TTCCA	25556	1000
seq052651	healthy	5prime	ATTTC	29437	1000
seq052651	healthy	3prime	GGGGG	342648	1000
seq052651	healthy	5prime	GATCG	327957	1000
seq052652	healthy	5prime	ACTTC	34319	1000
seq052652	healthy	5prime	ACTTT	62388	1000
seq052652	healthy	3prime	TTTCA	26944	1000
seq052652	healthy	3prime	TCTCA	19404	1000
seq052652	healthy	3prime	TTCCA	20730	1000
seq052652	healthy	5prime	ATTTC	21943	1000
seq052652	healthy	3prime	GGGGG	350637	1000
seq052652	healthy	5prime	GATCG	326471	1000
seq052915	healthy	5prime	ACTTC	23525	1000
seq052915	healthy	5prime	ACTTT	43726	1000
seq052915	healthy	3prime	TTTCA	18715	1000
seq052915	healthy	3prime	TCTCA	12684	1000
seq052915	healthy	3prime	TTCCA	14249	1000
seq052915	healthy	5prime	ATTTC	15305	1000
seq052915	healthy	3prime	GGGGG	51574	1000
seq052915	healthy	5prime	GATCG	20310	1000
seq052916	healthy	5prime	ACTTC	52192	1000
seq052916	healthy	5prime	ACTTT	96405	1000
seq052916	healthy	3prime	TTTCA	40507	1000
seq052916	healthy	3prime	TCTCA	27752	1000
seq052916	healthy	3prime	TTCCA	30277	1000
seq052916	healthy	5prime	ATTTC	31706	1000
seq052916	healthy	3prime	GGGGG	110840	1000
seq052916	healthy	5prime	GATCG	51476	1000
seq052925	healthy	5prime	ACTTC	29653	1000
seq052925	healthy	5prime	ACTTT	55845	1000
seq052925	healthy	3prime	TTTCA	27201	1000
seq052925	healthy	3prime	TCTCA	18945	1000
seq052925	healthy	3prime	TTCCA	20076	1000
seq052925	healthy	5prime	ATTTC	20140	1000
seq052925	healthy	3prime	GGGGG	75692	1000
seq052925	healthy	5prime	GATCG	31115	1000
seq052926	healthy	5prime	ACTTC	29049	1000
seq052926	healthy	5prime	ACTTT	54237	1000
seq052926	healthy	3prime	TTTCA	23631	1000
seq052926	healthy	3prime	TCTCA	16266	1000
seq052926	healthy	3prime	TTCCA	17774	1000
seq052926	healthy	5prime	ATTTC	19437	1000
seq052926	healthy	3prime	GGGGG	67953	1000
seq052926	healthy	5prime	GATCG	29888	1000
seq052928	healthy	5prime	ACTTC	47012	1000
seq052928	healthy	5prime	ACTTT	87904	1000
seq052928	healthy	3prime	TTTCA	34730	1000
seq052928	healthy	3prime	TCTCA	23960	1000
seq052928	healthy	3prime	TTCCA	25818	1000
seq052928	healthy	5prime	ATTTC	29199	1000
seq052928	healthy	3prime	GGGGG	107065	1000
seq052928	healthy	5prime	GATCG	53992	1000
seq052929	healthy	5prime	ACTTC	34917	1000
seq052929	healthy	5prime	ACTTT	64345	1000
seq052929	healthy	3prime	TTTCA	27810	1000
seq052929	healthy	3prime	TCTCA	19313	1000
seq052929	healthy	3prime	TTCCA	20661	1000
seq052929	healthy	5prime	ATTTC	22446	1000
seq052929	healthy	3prime	GGGGG	80424	1000
seq052929	healthy	5prime	GATCG	38254	1000
seq052930	healthy	5prime	ACTTC	26442	1000
seq052930	healthy	5prime	ACTTT	49010	1000
seq052930	healthy	3prime	TTTCA	23288	1000
seq052930	healthy	3prime	TCTCA	16058	1000
seq052930	healthy	3prime	TTCCA	17427	1000
seq052930	healthy	5prime	ATTTC	17940	1000
seq052930	healthy	3prime	GGGGG	59700	1000
seq052930	healthy	5prime	GATCG	25320	1000
seq052931	healthy	5prime	ACTTC	29594	1000
seq052931	healthy	5prime	ACTTT	55589	1000
seq052931	healthy	3prime	TTTCA	26829	1000
seq052931	healthy	3prime	TCTCA	18463	1000
seq052931	healthy	3prime	TTCCA	19962	1000
seq052931	healthy	5prime	ATTTC	20225	1000
seq052931	healthy	3prime	GGGGG	86553	1000
seq052931	healthy	5prime	GATCG	45123	1000
seq052932	healthy	5prime	ACTTC	45003	1000
seq052932	healthy	5prime	ACTTT	84090	1000
seq052932	healthy	3prime	TTTCA	35339	1000
seq052932	healthy	3prime	TCTCA	24194	1000
seq052932	healthy	3prime	TTCCA	26149	1000
seq052932	healthy	5prime	ATTTC	28967	1000
seq052932	healthy	3prime	GGGGG	99254	1000
seq052932	healthy	5prime	GATCG	45155	1000
seq052934	healthy	5prime	ACTTC	38011	1000
seq052934	healthy	5prime	ACTTT	70132	1000
seq052934	healthy	3prime	TTTCA	30904	1000
seq052934	healthy	3prime	TCTCA	21559	1000
seq052934	healthy	3prime	TTCCA	23340	1000
seq052934	healthy	5prime	ATTTC	24621	1000
seq052934	healthy	3prime	GGGGG	81824	1000
seq052934	healthy	5prime	GATCG	34555	1000
seq052936	healthy	5prime	ACTTC	33065	1000
seq052936	healthy	5prime	ACTTT	61924	1000
seq052936	healthy	3prime	TTTCA	29792	1000
seq052936	healthy	3prime	TCTCA	20662	1000
seq052936	healthy	3prime	TTCCA	22147	1000
seq052936	healthy	5prime	ATTTC	23774	1000
seq052936	healthy	3prime	GGGGG	76412	1000
seq052936	healthy	5prime	GATCG	36494	1000
seq052940	healthy	5prime	ACTTC	42286	1000
seq052940	healthy	5prime	ACTTT	78717	1000
seq052940	healthy	3prime	TTTCA	30168	1000
seq052940	healthy	3prime	TCTCA	20489	1000
seq052940	healthy	3prime	TTCCA	22541	1000
seq052940	healthy	5prime	ATTTC	25647	1000
seq052940	healthy	3prime	GGGGG	93734	1000
seq052940	healthy	5prime	GATCG	46314	1000
seq054028	healthy	5prime	ACTTC	48163	1000
seq054028	healthy	5prime	ACTTT	91302	1000
seq054028	healthy	3prime	TTTCA	33914	1000
seq054028	healthy	3prime	TCTCA	24590	1000
seq054028	healthy	3prime	TTCCA	26023	1000
seq054028	healthy	5prime	ATTTC	31482	1000
seq054028	healthy	3prime	GGGGG	91205	1000
seq054028	healthy	5prime	GATCG	38204	1000
seq061844	cancer	5prime	ACTTC	52793	1000
seq061844	cancer	5prime	ACTTT	98195	1000
seq061844	cancer	3prime	TTTCA	38956	1000
seq061844	cancer	3prime	TCTCA	28179	1000
seq061844	cancer	3prime	TTCCA	29096	1000
seq061844	cancer	5prime	ATTTC	33276	1000
seq061844	cancer	3prime	GGGGG	163399	1000
seq061844	cancer	5prime	GATCG	106555	1000
seq061846	cancer	5prime	ACTTC	39086	1000
seq061846	cancer	5prime	ACTTT	72700	1000
seq061846	cancer	3prime	TTTCA	35019	1000
seq061846	cancer	3prime	TCTCA	25596	1000
seq061846	cancer	3prime	TTCCA	26829	1000
seq061846	cancer	5prime	ATTTC	25928	1000
seq061846	cancer	3prime	GGGGG	120441	1000
seq061846	cancer	5prime	GATCG	66491	1000
seq061849	cancer	5prime	ACTTC	34570	1000
seq061849	cancer	5prime	ACTTT	62235	1000
seq061849	cancer	3prime	TTTCA	31831	1000
seq061849	cancer	3prime	TCTCA	22637	1000
seq061849	cancer	3prime	TTCCA	24057	1000
seq061849	cancer	5prime	ATTTC	20432	1000
seq061849	cancer	3prime	GGGGG	95626	1000
seq061849	cancer	5prime	GATCG	50639	1000
seq061850	cancer	5prime	ACTTC	32134	1000
seq061850	cancer	5prime	ACTTT	59592	1000
seq061850	cancer	3prime	TTTCA	34297	1000
seq061850	cancer	3prime	TCTCA	24540	1000
seq061850	cancer	3prime	TTCCA	25937	1000
seq061850	cancer	5prime	ATTTC	20896	1000
seq061850	cancer	3prime	GGGGG	94692	1000
seq061850	cancer	5prime	GATCG	46416	1000
seq061851	cancer	5prime	ACTTC	38496	1000
seq061851	cancer	5prime	ACTTT	69982	1000
seq061851	cancer	3prime	TTTCA	35989	1000
seq061851	cancer	3prime	TCTCA	25723	1000
seq061851	cancer	3prime	TTCCA	27117	1000
seq061851	cancer	5prime	ATTTC	25364	1000
seq061851	cancer	3prime	GGGGG	97464	1000
seq061851	cancer	5prime	GATCG	48350	1000
seq061852	cancer	5prime	ACTTC	37146	1000
seq061852	cancer	5prime	ACTTT	67921	1000
seq061852	cancer	3prime	TTTCA	32305	1000
seq061852	cancer	3prime	TCTCA	22569	1000
seq061852	cancer	3prime	TTCCA	24052	1000
seq061852	cancer	5prime	ATTTC	21450	1000
seq061852	cancer	3prime	GGGGG	111843	1000
seq061852	cancer	5prime	GATCG	70585	1000
seq061853	cancer	5prime	ACTTC	40590	1000
seq061853	cancer	5prime	ACTTT	76064	1000
seq061853	cancer	3prime	TTTCA	35005	1000
seq061853	cancer	3prime	TCTCA	25112	1000
seq061853	cancer	3prime	TTCCA	26287	1000
seq061853	cancer	5prime	ATTTC	26575	1000
seq061853	cancer	3prime	GGGGG	104050	1000
seq061853	cancer	5prime	GATCG	48894	1000
seq061854	cancer	5prime	ACTTC	46330	1000
seq061854	cancer	5prime	ACTTT	84961	1000
seq061854	cancer	3prime	TTTCA	36891	1000
seq061854	cancer	3prime	TCTCA	26424	1000
seq061854	cancer	3prime	TTCCA	27742	1000
seq061854	cancer	5prime	ATTTC	29849	1000
seq061854	cancer	3prime	GGGGG	110165	1000
seq061854	cancer	5prime	GATCG	61414	1000
seq061855	cancer	5prime	ACTTC	36390	1000
seq061855	cancer	5prime	ACTTT	66460	1000
seq061855	cancer	3prime	TTTCA	36424	1000
seq061855	cancer	3prime	TCTCA	26350	1000
seq061855	cancer	3prime	TTCCA	27672	1000
seq061855	cancer	5prime	ATTTC	24405	1000
seq061855	cancer	3prime	GGGGG	103208	1000
seq061855	cancer	5prime	GATCG	51452	1000
seq061856	cancer	5prime	ACTTC	54929	1000
seq061856	cancer	5prime	ACTTT	108891	1000
seq061856	cancer	3prime	TTTCA	33584	1000
seq061856	cancer	3prime	TCTCA	24178	1000
seq061856	cancer	3prime	TTCCA	25166	1000
seq061856	cancer	5prime	ATTTC	31632	1000
seq061856	cancer	3prime	GGGGG	108406	1000
seq061856	cancer	5prime	GATCG	63746	1000
seq061857	cancer	5prime	ACTTC	31715	1000
seq061857	cancer	5prime	ACTTT	60132	1000
seq061857	cancer	3prime	TTTCA	35491	1000
seq061857	cancer	3prime	TCTCA	26556	1000
seq061857	cancer	3prime	TTCCA	27289	1000
seq061857	cancer	5prime	ATTTC	23459	1000
seq061857	cancer	3prime	GGGGG	93073	1000
seq061857	cancer	5prime	GATCG	43365	1000
seq061858	cancer	5prime	ACTTC	36678	1000
seq061858	cancer	5prime	ACTTT	67106	1000
seq061858	cancer	3prime	TTTCA	34151	1000
seq061858	cancer	3prime	TCTCA	23954	1000
seq061858	cancer	3prime	TTCCA	25503	1000
seq061858	cancer	5prime	ATTTC	23262	1000
seq061858	cancer	3prime	GGGGG	93503	1000
seq061858	cancer	5prime	GATCG	49180	1000
seq061859	cancer	5prime	ACTTC	46048	1000
seq061859	cancer	5prime	ACTTT	85657	1000
seq061859	cancer	3prime	TTTCA	39848	1000
seq061859	cancer	3prime	TCTCA	28508	1000
seq061859	cancer	3prime	TTCCA	29659	1000
seq061859	cancer	5prime	ATTTC	30049	1000
seq061859	cancer	3prime	GGGGG	108380	1000
seq061859	cancer	5prime	GATCG	47979	1000
seq061860	cancer	5prime	ACTTC	40268	1000
seq061860	cancer	5prime	ACTTT	73307	1000
seq061860	cancer	3prime	TTTCA	36636	1000
seq061860	cancer	3prime	TCTCA	26767	1000
seq061860	cancer	3prime	TTCCA	28026	1000
seq061860	cancer	5prime	ATTTC	25149	1000
seq061860	cancer	3prime	GGGGG	93556	1000
seq061860	cancer	5prime	GATCG	39094	1000
seq061862	cancer	5prime	ACTTC	44549	1000
seq061862	cancer	5prime	ACTTT	82240	1000
seq061862	cancer	3prime	TTTCA	35610	1000
seq061862	cancer	3prime	TCTCA	25383	1000
seq061862	cancer	3prime	TTCCA	26729	1000
seq061862	cancer	5prime	ATTTC	28741	1000
seq061862	cancer	3prime	GGGGG	110174	1000
seq061862	cancer	5prime	GATCG	59500	1000
seq061863	cancer	5prime	ACTTC	39056	1000
seq061863	cancer	5prime	ACTTT	72302	1000
seq061863	cancer	3prime	TTTCA	32101	1000
seq061863	cancer	3prime	TCTCA	23142	1000
seq061863	cancer	3prime	TTCCA	24269	1000
seq061863	cancer	5prime	ATTTC	26245	1000
seq061863	cancer	3prime	GGGGG	98880	1000
seq061863	cancer	5prime	GATCG	56932	1000
seq061864	cancer	5prime	ACTTC	35983	1000
seq061864	cancer	5prime	ACTTT	63565	1000
seq061864	cancer	3prime	TTTCA	35148	1000
seq061864	cancer	3prime	TCTCA	24974	1000
seq061864	cancer	3prime	TTCCA	26370	1000
seq061864	cancer	5prime	ATTTC	23008	1000
seq061864	cancer	3prime	GGGGG	95043	1000
seq061864	cancer	5prime	GATCG	40906	1000
seq061865	cancer	5prime	ACTTC	42621	1000
seq061865	cancer	5prime	ACTTT	78470	1000
seq061865	cancer	3prime	TTTCA	35883	1000
seq061865	cancer	3prime	TCTCA	25709	1000
seq061865	cancer	3prime	TTCCA	26916	1000
seq061865	cancer	5prime	ATTTC	26385	1000
seq061865	cancer	3prime	GGGGG	149311	1000
seq061865	cancer	5prime	GATCG	100214	1000
seq061867	cancer	5prime	ACTTC	42693	1000
seq061867	cancer	5prime	ACTTT	77453	1000
seq061867	cancer	3prime	TTTCA	35949	1000
seq061867	cancer	3prime	TCTCA	26563	1000
seq061867	cancer	3prime	TTCCA	27772	1000
seq061867	cancer	5prime	ATTTC	26750	1000
seq061867	cancer	3prime	GGGGG	101430	1000
seq061867	cancer	5prime	GATCG	36787	1000
seq061868	cancer	5prime	ACTTC	39880	1000
seq061868	cancer	5prime	ACTTT	73605	1000
seq061868	cancer	3prime	TTTCA	39059	1000
seq061868	cancer	3prime	TCTCA	30703	1000
seq061868	cancer	3prime	TTCCA	31277	1000
seq061868	cancer	5prime	ATTTC	26983	1000
seq061868	cancer	3prime	GGGGG	144940	1000
seq061868	cancer	5prime	GATCG	65373	1000
seq061870	cancer	5prime	ACTTC	39836	1000
seq061870	cancer	5prime	ACTTT	73014	1000
seq061870	cancer	3prime	TTTCA	39016	1000
seq061870	cancer	3prime	TCTCA	30013	1000
seq061870	cancer	3prime	TTCCA	30213	1000
seq061870	cancer	5prime	ATTTC	27784	1000
seq061870	cancer	3prime	GGGGG	123082	1000
seq061870	cancer	5prime	GATCG	55459	1000
seq061872	cancer	5prime	ACTTC	44640	1000
seq061872	cancer	5prime	ACTTT	81667	1000
seq061872	cancer	3prime	TTTCA	38452	1000
seq061872	cancer	3prime	TCTCA	28812	1000
seq061872	cancer	3prime	TTCCA	29891	1000
seq061872	cancer	5prime	ATTTC	29054	1000
seq061872	cancer	3prime	GGGGG	151832	1000
seq061872	cancer	5prime	GATCG	88324	1000
seq061874	cancer	5prime	ACTTC	32868	1000
seq061874	cancer	5prime	ACTTT	58124	1000
seq061874	cancer	3prime	TTTCA	33686	1000
seq061874	cancer	3prime	TCTCA	24874	1000
seq061874	cancer	3prime	TTCCA	26668	1000
seq061874	cancer	5prime	ATTTC	21809	1000
seq061874	cancer	3prime	GGGGG	95871	1000
seq061874	cancer	5prime	GATCG	38560	1000
seq061875	cancer	5prime	ACTTC	40008	1000
seq061875	cancer	5prime	ACTTT	73825	1000
seq061875	cancer	3prime	TTTCA	37889	1000
seq061875	cancer	3prime	TCTCA	27428	1000
seq061875	cancer	3prime	TTCCA	28454	1000
seq061875	cancer	5prime	ATTTC	26226	1000
seq061875	cancer	3prime	GGGGG	143969	1000
seq061875	cancer	5prime	GATCG	89484	1000
seq061877	cancer	5prime	ACTTC	41450	1000
seq061877	cancer	5prime	ACTTT	77252	1000
seq061877	cancer	3prime	TTTCA	35352	1000
seq061877	cancer	3prime	TCTCA	25862	1000
seq061877	cancer	3prime	TTCCA	27212	1000
seq061877	cancer	5prime	ATTTC	28058	1000
seq061877	cancer	3prime	GGGGG	88412	1000
seq061877	cancer	5prime	GATCG	35395	1000
seq061878	cancer	5prime	ACTTC	39729	1000
seq061878	cancer	5prime	ACTTT	71892	1000
seq061878	cancer	3prime	TTTCA	42209	1000
seq061878	cancer	3prime	TCTCA	31011	1000
seq061878	cancer	3prime	TTCCA	32714	1000
seq061878	cancer	5prime	ATTTC	26517	1000
seq061878	cancer	3prime	GGGGG	126625	1000
seq061878	cancer	5prime	GATCG	59300	1000
seq061880	cancer	5prime	ACTTC	29913	1000
seq061880	cancer	5prime	ACTTT	56068	1000
seq061880	cancer	3prime	TTTCA	30184	1000
seq061880	cancer	3prime	TCTCA	21162	1000
seq061880	cancer	3prime	TTCCA	22580	1000
seq061880	cancer	5prime	ATTTC	19290	1000
seq061880	cancer	3prime	GGGGG	75012	1000
seq061880	cancer	5prime	GATCG	30440	1000
seq061883	cancer	5prime	ACTTC	33864	1000
seq061883	cancer	5prime	ACTTT	62211	1000
seq061883	cancer	3prime	TTTCA	30726	1000
seq061883	cancer	3prime	TCTCA	22171	1000
seq061883	cancer	3prime	TTCCA	23346	1000
seq061883	cancer	5prime	ATTTC	22849	1000
seq061883	cancer	3prime	GGGGG	82443	1000
seq061883	cancer	5prime	GATCG	33891	1000
seq061885	cancer	5prime	ACTTC	38904	1000
seq061885	cancer	5prime	ACTTT	70738	1000
seq061885	cancer	3prime	TTTCA	34566	1000
seq061885	cancer	3prime	TCTCA	24188	1000
seq061885	cancer	3prime	TTCCA	25805	1000
seq061885	cancer	5prime	ATTTC	22689	1000
seq061885	cancer	3prime	GGGGG	94755	1000
seq061885	cancer	5prime	GATCG	46067	1000
seq061889	cancer	5prime	ACTTC	42487	1000
seq061889	cancer	5prime	ACTTT	78779	1000
seq061889	cancer	3prime	TTTCA	39423	1000
seq061889	cancer	3prime	TCTCA	28282	1000
seq061889	cancer	3prime	TTCCA	29743	1000
seq061889	cancer	5prime	ATTTC	27197	1000
seq061889	cancer	3prime	GGGGG	103345	1000
seq061889	cancer	5prime	GATCG	54873	1000
seq061891	cancer	5prime	ACTTC	32317	1000
seq061891	cancer	5prime	ACTTT	57478	1000
seq061891	cancer	3prime	TTTCA	32097	1000
seq061891	cancer	3prime	TCTCA	24649	1000
seq061891	cancer	3prime	TTCCA	25274	1000
seq061891	cancer	5prime	ATTTC	22336	1000
seq061891	cancer	3prime	GGGGG	120326	1000
seq061891	cancer	5prime	GATCG	46507	1000
seq061892	cancer	5prime	ACTTC	29768	1000
seq061892	cancer	5prime	ACTTT	51612	1000
seq061892	cancer	3prime	TTTCA	26046	1000
seq061892	cancer	3prime	TCTCA	20244	1000
seq061892	cancer	3prime	TTCCA	21425	1000
seq061892	cancer	5prime	ATTTC	17493	1000
seq061892	cancer	3prime	GGGGG	104252	1000
seq061892	cancer	5prime	GATCG	31908	1000
seq061893	cancer	5prime	ACTTC	40576	1000
seq061893	cancer	5prime	ACTTT	73013	1000
seq061893	cancer	3prime	TTTCA	28113	1000
seq061893	cancer	3prime	TCTCA	21740	1000
seq061893	cancer	3prime	TTCCA	22708	1000
seq061893	cancer	5prime	ATTTC	24023	1000
seq061893	cancer	3prime	GGGGG	145806	1000
seq061893	cancer	5prime	GATCG	65739	1000
seq061894	cancer	5prime	ACTTC	37676	1000
seq061894	cancer	5prime	ACTTT	69241	1000
seq061894	cancer	3prime	TTTCA	32329	1000
seq061894	cancer	3prime	TCTCA	23401	1000
seq061894	cancer	3prime	TTCCA	24902	1000
seq061894	cancer	5prime	ATTTC	24324	1000
seq061894	cancer	3prime	GGGGG	96197	1000
seq061894	cancer	5prime	GATCG	45779	1000
seq061895	cancer	5prime	ACTTC	38335	1000
seq061895	cancer	5prime	ACTTT	69539	1000
seq061895	cancer	3prime	TTTCA	29883	1000
seq061895	cancer	3prime	TCTCA	22077	1000
seq061895	cancer	3prime	TTCCA	23238	1000
seq061895	cancer	5prime	ATTTC	23208	1000
seq061895	cancer	3prime	GGGGG	87693	1000
seq061895	cancer	5prime	GATCG	35305	1000
seq061896	cancer	5prime	ACTTC	33500	1000
seq061896	cancer	5prime	ACTTT	60975	1000
seq061896	cancer	3prime	TTTCA	34703	1000
seq061896	cancer	3prime	TCTCA	26017	1000
seq061896	cancer	3prime	TTCCA	26888	1000
seq061896	cancer	5prime	ATTTC	22575	1000
seq061896	cancer	3prime	GGGGG	99580	1000
seq061896	cancer	5prime	GATCG	34036	1000
seq061897	cancer	5prime	ACTTC	36703	1000
seq061897	cancer	5prime	ACTTT	66601	1000
seq061897	cancer	3prime	TTTCA	31449	1000
seq061897	cancer	3prime	TCTCA	23246	1000
seq061897	cancer	3prime	TTCCA	24173	1000
seq061897	cancer	5prime	ATTTC	23285	1000
seq061897	cancer	3prime	GGGGG	85089	1000
seq061897	cancer	5prime	GATCG	30219	1000
seq061898	cancer	5prime	ACTTC	37775	1000
seq061898	cancer	5prime	ACTTT	67984	1000
seq061898	cancer	3prime	TTTCA	35405	1000
seq061898	cancer	3prime	TCTCA	25210	1000
seq061898	cancer	3prime	TTCCA	27229	1000
seq061898	cancer	5prime	ATTTC	22957	1000
seq061898	cancer	3prime	GGGGG	110715	1000
seq061898	cancer	5prime	GATCG	53027	1000
seq061899	cancer	5prime	ACTTC	39711	1000
seq061899	cancer	5prime	ACTTT	73573	1000
seq061899	cancer	3prime	TTTCA	36798	1000
seq061899	cancer	3prime	TCTCA	27123	1000
seq061899	cancer	3prime	TTCCA	27866	1000
seq061899	cancer	5prime	ATTTC	27797	1000
seq061899	cancer	3prime	GGGGG	90169	1000
seq061899	cancer	5prime	GATCG	38755	1000
seq061900	cancer	5prime	ACTTC	34857	1000
seq061900	cancer	5prime	ACTTT	63175	1000
seq061900	cancer	3prime	TTTCA	37222	1000
seq061900	cancer	3prime	TCTCA	26997	1000
seq061900	cancer	3prime	TTCCA	28423	1000
seq061900	cancer	5prime	ATTTC	22066	1000
seq061900	cancer	3prime	GGGGG	115997	1000
seq061900	cancer	5prime	GATCG	60212	1000
seq061901	cancer	5prime	ACTTC	31413	1000
seq061901	cancer	5prime	ACTTT	56654	1000
seq061901	cancer	3prime	TTTCA	29930	1000
seq061901	cancer	3prime	TCTCA	21605	1000
seq061901	cancer	3prime	TTCCA	23177	1000
seq061901	cancer	5prime	ATTTC	19148	1000
seq061901	cancer	3prime	GGGGG	95714	1000
seq061901	cancer	5prime	GATCG	39618	1000
seq061902	cancer	5prime	ACTTC	31158	1000
seq061902	cancer	5prime	ACTTT	56692	1000
seq061902	cancer	3prime	TTTCA	33335	1000
seq061902	cancer	3prime	TCTCA	22866	1000
seq061902	cancer	3prime	TTCCA	25633	1000
seq061902	cancer	5prime	ATTTC	18234	1000
seq061902	cancer	3prime	GGGGG	141068	1000
seq061902	cancer	5prime	GATCG	97356	1000
seq061903	cancer	5prime	ACTTC	33027	1000
seq061903	cancer	5prime	ACTTT	58619	1000
seq061903	cancer	3prime	TTTCA	32972	1000
seq061903	cancer	3prime	TCTCA	24835	1000
seq061903	cancer	3prime	TTCCA	25951	1000
seq061903	cancer	5prime	ATTTC	20306	1000
seq061903	cancer	3prime	GGGGG	105019	1000
seq061903	cancer	5prime	GATCG	42617	1000
seq061904	cancer	5prime	ACTTC	31767	1000
seq061904	cancer	5prime	ACTTT	58784	1000
seq061904	cancer	3prime	TTTCA	33391	1000
seq061904	cancer	3prime	TCTCA	26421	1000
seq061904	cancer	3prime	TTCCA	26199	1000
seq061904	cancer	5prime	ATTTC	22831	1000
seq061904	cancer	3prime	GGGGG	133358	1000
seq061904	cancer	5prime	GATCG	53028	1000
seq061905	cancer	5prime	ACTTC	32387	1000
seq061905	cancer	5prime	ACTTT	57752	1000
seq061905	cancer	3prime	TTTCA	27353	1000
seq061905	cancer	3prime	TCTCA	19998	1000
seq061905	cancer	3prime	TTCCA	21059	1000
seq061905	cancer	5prime	ATTTC	20044	1000
seq061905	cancer	3prime	GGGGG	76485	1000
seq061905	cancer	5prime	GATCG	30001	1000
seq061907	cancer	5prime	ACTTC	35494	1000
seq061907	cancer	5prime	ACTTT	65402	1000
seq061907	cancer	3prime	TTTCA	36966	1000
seq061907	cancer	3prime	TCTCA	26924	1000
seq061907	cancer	3prime	TTCCA	28901	1000
seq061907	cancer	5prime	ATTTC	21003	1000
seq061907	cancer	3prime	GGGGG	119052	1000
seq061907	cancer	5prime	GATCG	55116	1000
seq061908	cancer	5prime	ACTTC	38268	1000
seq061908	cancer	5prime	ACTTT	69171	1000
seq061908	cancer	3prime	TTTCA	33781	1000
seq061908	cancer	3prime	TCTCA	24646	1000
seq061908	cancer	3prime	TTCCA	25958	1000
seq061908	cancer	5prime	ATTTC	23965	1000
seq061908	cancer	3prime	GGGGG	106551	1000
seq061908	cancer	5prime	GATCG	47753	1000
seq061909	cancer	5prime	ACTTC	39128	1000
seq061909	cancer	5prime	ACTTT	68606	1000
seq061909	cancer	3prime	TTTCA	27324	1000
seq061909	cancer	3prime	TCTCA	20972	1000
seq061909	cancer	3prime	TTCCA	21927	1000
seq061909	cancer	5prime	ATTTC	23436	1000
seq061909	cancer	3prime	GGGGG	110398	1000
seq061909	cancer	5prime	GATCG	38483	1000
seq061910	cancer	5prime	ACTTC	33410	1000
seq061910	cancer	5prime	ACTTT	61027	1000
seq061910	cancer	3prime	TTTCA	33187	1000
seq061910	cancer	3prime	TCTCA	25021	1000
seq061910	cancer	3prime	TTCCA	25337	1000
seq061910	cancer	5prime	ATTTC	23004	1000
seq061910	cancer	3prime	GGGGG	113641	1000
seq061910	cancer	5prime	GATCG	54307	1000
seq061911	cancer	5prime	ACTTC	32685	1000
seq061911	cancer	5prime	ACTTT	59667	1000
seq061911	cancer	3prime	TTTCA	31506	1000
seq061911	cancer	3prime	TCTCA	22193	1000
seq061911	cancer	3prime	TTCCA	23824	1000
seq061911	cancer	5prime	ATTTC	20800	1000
seq061911	cancer	3prime	GGGGG	90045	1000
seq061911	cancer	5prime	GATCG	42085	1000
seq061912	cancer	5prime	ACTTC	39443	1000
seq061912	cancer	5prime	ACTTT	71741	1000
seq061912	cancer	3prime	TTTCA	35865	1000
seq061912	cancer	3prime	TCTCA	26559	1000
seq061912	cancer	3prime	TTCCA	27676	1000
seq061912	cancer	5prime	ATTTC	25374	1000
seq061912	cancer	3prime	GGGGG	115922	1000
seq061912	cancer	5prime	GATCG	37090	1000
seq061913	cancer	5prime	ACTTC	37011	1000
seq061913	cancer	5prime	ACTTT	68642	1000
seq061913	cancer	3prime	TTTCA	36045	1000
seq061913	cancer	3prime	TCTCA	25801	1000
seq061913	cancer	3prime	TTCCA	27575	1000
seq061913	cancer	5prime	ATTTC	25013	1000
seq061913	cancer	3prime	GGGGG	82313	1000
seq061913	cancer	5prime	GATCG	30896	1000
seq061915	cancer	5prime	ACTTC	34542	1000
seq061915	cancer	5prime	ACTTT	61224	1000
seq061915	cancer	3prime	TTTCA	33860	1000
seq061915	cancer	3prime	TCTCA	24943	1000
seq061915	cancer	3prime	TTCCA	26083	1000
seq061915	cancer	5prime	ATTTC	21187	1000
seq061915	cancer	3prime	GGGGG	112538	1000
seq061915	cancer	5prime	GATCG	38926	1000
seq061916	cancer	5prime	ACTTC	20807	1000
seq061916	cancer	5prime	ACTTT	37880	1000
seq061916	cancer	3prime	TTTCA	22441	1000
seq061916	cancer	3prime	TCTCA	15530	1000
seq061916	cancer	3prime	TTCCA	16720	1000
seq061916	cancer	5prime	ATTTC	13264	1000
seq061916	cancer	3prime	GGGGG	47967	1000
seq061916	cancer	5prime	GATCG	19815	1000
seq061917	cancer	5prime	ACTTC	34652	1000
seq061917	cancer	5prime	ACTTT	62749	1000
seq061917	cancer	3prime	TTTCA	34404	1000
seq061917	cancer	3prime	TCTCA	26562	1000
seq061917	cancer	3prime	TTCCA	26877	1000
seq061917	cancer	5prime	ATTTC	23425	1000
seq061917	cancer	3prime	GGGGG	109974	1000
seq061917	cancer	5prime	GATCG	34558	1000
seq061918	cancer	5prime	ACTTC	46053	1000
seq061918	cancer	5prime	ACTTT	84318	1000
seq061918	cancer	3prime	TTTCA	38256	1000
seq061918	cancer	3prime	TCTCA	28474	1000
seq061918	cancer	3prime	TTCCA	29840	1000
seq061918	cancer	5prime	ATTTC	29627	1000
seq061918	cancer	3prime	GGGGG	121986	1000
seq061918	cancer	5prime	GATCG	58519	1000
seq061919	cancer	5prime	ACTTC	33462	1000
seq061919	cancer	5prime	ACTTT	59006	1000
seq061919	cancer	3prime	TTTCA	34218	1000
seq061919	cancer	3prime	TCTCA	25356	1000
seq061919	cancer	3prime	TTCCA	26862	1000
seq061919	cancer	5prime	ATTTC	22624	1000
seq061919	cancer	3prime	GGGGG	91208	1000
seq061919	cancer	5prime	GATCG	42415	1000
seq061920	cancer	5prime	ACTTC	38791	1000
seq061920	cancer	5prime	ACTTT	73564	1000
seq061920	cancer	3prime	TTTCA	38056	1000
seq061920	cancer	3prime	TCTCA	27916	1000
seq061920	cancer	3prime	TTCCA	28527	1000
seq061920	cancer	5prime	ATTTC	37560	1000
seq061920	cancer	3prime	GGGGG	106027	1000
seq061920	cancer	5prime	GATCG	51488	1000
seq061921	cancer	5prime	ACTTC	32142	1000
seq061921	cancer	5prime	ACTTT	58466	1000
seq061921	cancer	3prime	TTTCA	32958	1000
seq061921	cancer	3prime	TCTCA	22530	1000
seq061921	cancer	3prime	TTCCA	24508	1000
seq061921	cancer	5prime	ATTTC	18740	1000
seq061921	cancer	3prime	GGGGG	86086	1000
seq061921	cancer	5prime	GATCG	40908	1000
seq061923	cancer	5prime	ACTTC	43951	1000
seq061923	cancer	5prime	ACTTT	79270	1000
seq061923	cancer	3prime	TTTCA	38468	1000
seq061923	cancer	3prime	TCTCA	27926	1000
seq061923	cancer	3prime	TTCCA	29547	1000
seq061923	cancer	5prime	ATTTC	28195	1000
seq061923	cancer	3prime	GGGGG	99603	1000
seq061923	cancer	5prime	GATCG	41527	1000
seq061924	cancer	5prime	ACTTC	37761	1000
seq061924	cancer	5prime	ACTTT	66939	1000
seq061924	cancer	3prime	TTTCA	34999	1000
seq061924	cancer	3prime	TCTCA	25084	1000
seq061924	cancer	3prime	TTCCA	26537	1000
seq061924	cancer	5prime	ATTTC	23579	1000
seq061924	cancer	3prime	GGGGG	104863	1000
seq061924	cancer	5prime	GATCG	59139	1000
seq061925	cancer	5prime	ACTTC	37515	1000
seq061925	cancer	5prime	ACTTT	67635	1000
seq061925	cancer	3prime	TTTCA	33135	1000
seq061925	cancer	3prime	TCTCA	23709	1000
seq061925	cancer	3prime	TTCCA	24893	1000
seq061925	cancer	5prime	ATTTC	22476	1000
seq061925	cancer	3prime	GGGGG	97075	1000
seq061925	cancer	5prime	GATCG	43574	1000
seq061927	cancer	5prime	ACTTC	32360	1000
seq061927	cancer	5prime	ACTTT	59129	1000
seq061927	cancer	3prime	TTTCA	33753	1000
seq061927	cancer	3prime	TCTCA	23426	1000
seq061927	cancer	3prime	TTCCA	25376	1000
seq061927	cancer	5prime	ATTTC	18879	1000
seq061927	cancer	3prime	GGGGG	105882	1000
seq061927	cancer	5prime	GATCG	63314	1000
seq061928	cancer	5prime	ACTTC	44496	1000
seq061928	cancer	5prime	ACTTT	82055	1000
seq061928	cancer	3prime	TTTCA	36244	1000
seq061928	cancer	3prime	TCTCA	26139	1000
seq061928	cancer	3prime	TTCCA	27996	1000
seq061928	cancer	5prime	ATTTC	27466	1000
seq061928	cancer	3prime	GGGGG	139291	1000
seq061928	cancer	5prime	GATCG	85612	1000
seq061930	cancer	5prime	ACTTC	35838	1000
seq061930	cancer	5prime	ACTTT	66460	1000
seq061930	cancer	3prime	TTTCA	32921	1000
seq061930	cancer	3prime	TCTCA	23621	1000
seq061930	cancer	3prime	TTCCA	24981	1000
seq061930	cancer	5prime	ATTTC	25305	1000
seq061930	cancer	3prime	GGGGG	81601	1000
seq061930	cancer	5prime	GATCG	31387	1000
seq061931	cancer	5prime	ACTTC	36847	1000
seq061931	cancer	5prime	ACTTT	65556	1000
seq061931	cancer	3prime	TTTCA	30261	1000
seq061931	cancer	3prime	TCTCA	21753	1000
seq061931	cancer	3prime	TTCCA	23062	1000
seq061931	cancer	5prime	ATTTC	23353	1000
seq061931	cancer	3prime	GGGGG	81719	1000
seq061931	cancer	5prime	GATCG	34918	1000
seq061933	cancer	5prime	ACTTC	32839	1000
seq061933	cancer	5prime	ACTTT	61849	1000
seq061933	cancer	3prime	TTTCA	41828	1000
seq061933	cancer	3prime	TCTCA	30399	1000
seq061933	cancer	3prime	TTCCA	31068	1000
seq061933	cancer	5prime	ATTTC	23443	1000
seq061933	cancer	3prime	GGGGG	118096	1000
seq061933	cancer	5prime	GATCG	67218	1000
seq061934	cancer	5prime	ACTTC	34566	1000
seq061934	cancer	5prime	ACTTT	61690	1000
seq061934	cancer	3prime	TTTCA	35183	1000
seq061934	cancer	3prime	TCTCA	25127	1000
seq061934	cancer	3prime	TTCCA	26836	1000
seq061934	cancer	5prime	ATTTC	23175	1000
seq061934	cancer	3prime	GGGGG	91763	1000
seq061934	cancer	5prime	GATCG	35790	1000
seq061935	cancer	5prime	ACTTC	26623	1000
seq061935	cancer	5prime	ACTTT	48527	1000
seq061935	cancer	3prime	TTTCA	30102	1000
seq061935	cancer	3prime	TCTCA	20845	1000
seq061935	cancer	3prime	TTCCA	22738	1000
seq061935	cancer	5prime	ATTTC	17551	1000
seq061935	cancer	3prime	GGGGG	88774	1000
seq061935	cancer	5prime	GATCG	45252	1000
seq062779	cancer	5prime	ACTTC	21720	1000
seq062779	cancer	5prime	ACTTT	42246	1000
seq062779	cancer	3prime	TTTCA	25339	1000
seq062779	cancer	3prime	TCTCA	19491	1000
seq062779	cancer	3prime	TTCCA	18925	1000
seq062779	cancer	5prime	ATTTC	19541	1000
seq062779	cancer	3prime	GGGGG	136252	1000
seq062779	cancer	5prime	GATCG	96445	1000
seq062780	cancer	5prime	ACTTC	45363	1000
seq062780	cancer	5prime	ACTTT	85046	1000
seq062780	cancer	3prime	TTTCA	37044	1000
seq062780	cancer	3prime	TCTCA	27690	1000
seq062780	cancer	3prime	TTCCA	27903	1000
seq062780	cancer	5prime	ATTTC	28621	1000
seq062780	cancer	3prime	GGGGG	305459	1000
seq062780	cancer	5prime	GATCG	267899	1000
seq062781	cancer	5prime	ACTTC	26602	1000
seq062781	cancer	5prime	ACTTT	49429	1000
seq062781	cancer	3prime	TTTCA	29224	1000
seq062781	cancer	3prime	TCTCA	23152	1000
seq062781	cancer	3prime	TTCCA	22528	1000
seq062781	cancer	5prime	ATTTC	20066	1000
seq062781	cancer	3prime	GGGGG	160444	1000
seq062781	cancer	5prime	GATCG	120233	1000
