sample_name	tube_type	hmC_seq_id	sample_id	dna_conc_ng_ul	tapestation_qc	unique_fragments_5hmC	unique_fragments_WGS
655_2_02_5_12_2016	EDTA	seq062784	seq062779	8.408	Pass	32743476	24441698
743_2_02_8_25_2016	EDTA	seq061940	seq061844	0.641	Pass	38317668	40473470
768_02_8_18_2016	EDTA	seq062785	seq062780	1.268	Pass	28485359	36615160
1640_02_10_14_2019	EDTA	seq061942	seq061846	1.324	Pass	36244400	36762455
1735_02_01_03_2020	EDTA	seq061945	seq061849	1.511	Pass	29517592	33028095
HT_165C1_1213_2_02_19_2020	EDTA	seq061946	seq061850	2.348	Pass	27052048	36111608
1657_02_10_22_2019	EDTA	seq061947	seq061851	0.468	Pass	33581970	36629807
772_2_02_09_20_2019	EDTA	seq061948	seq061852	1.356	Pass	25273985	33159735
HT_152C1_1762_02_05_2020	EDTA	seq061949	seq061853	0.229	Pass	36027609	34727676
1607_02_09_03_2019	EDTA	seq061950	seq061854	0.525	Pass	36174465	34670116
1807_2_02_01_28_2021	EDTA	seq061951	seq061855	1.142	Pass	40447182	37055190
1746_02_01_17_2020	EDTA	seq061952	seq061856	1.367	Pass	34306450	33842829
1787_2_02_06_08_2021	EDTA	seq061953	seq061857	1.599	Pass	35767434	34870670
HT_239C_1884_10_26_2020	EDTA	seq061954	seq061858	0.796	Pass	26116799	34519939
HT_212C1_1840_8_31_2020	EDTA	seq061955	seq061859	0.445	Pass	40343250	40764266
HT_222C1_1854_09_25_2020	EDTA	seq061956	seq061860	0.331	Pass	37749341	38432463
HT_213C1_1841_09_02_2020	EDTA	seq061958	seq061862	0.202	Pass	38266033	36288938
HT_184C1_1804_07_13_2020	EDTA	seq061959	seq061863	0.426	Pass	39862432	32287016
2364_02_08_02_22	EDTA	seq061960	seq061864	0.793	Pass	38649619	37043267
WASHU_CM_1660	EDTA	seq061961	seq061865	1.388	Pass	32079981	36968866
2355_02_07_14_2022	EDTA	seq061963	seq061867	0.51	Pass	38727072	38763618
4_20_2021_2023_HT329C1_GS_006_plasma	EDTA	seq061964	seq061868	1.752	Pass	47356717	41678304
9_14_2021_2137_HT403C1_BB_022_plasma	EDTA	seq061966	seq061870	2.182	Pass	53541770	40089266
1599-02-D1	EDTA	seq062786	seq062781	9.731	Pass	36355789	29442091
1707-02-D1	EDTA	seq061968	seq061872	0.819	Pass	37654651	40083767
1995-02-D1	EDTA	seq061970	seq061874	1.261	Pass	32312653	36591106
2122-02-D1	EDTA	seq061971	seq061875	0.095	Pass	33738108	38485067
2379-02-D1	EDTA	seq061972	seq061876	0.352	Pass	36124785	35682202
1903-02-D1	EDTA	seq061973	seq061877	0.711	Pass	27046976	37629469
2336-02-D1	EDTA	seq061974	seq061878	0.821	Pass	38864762	44377981
2384-02-D1	EDTA	seq061976	seq061880	0.502	Pass	31187794	31461030
2019-02-D1	EDTA	seq061979	seq061883	0.614	Pass	32042059	32821540
1992-02-D1	EDTA	seq061981	seq061885	1.535	Pass	36665009	34542421
HT-202C1-1827	EDTA	seq061985	seq061889	1.069	Pass	39520262	40419796
2289-02-D1	EDTA	seq061987	seq061891	1.254	Pass	38054536	36009750
2293-02-D1	EDTA	seq061988	seq061892	0.606	Pass	36989953	31314344
2350-02-D1	EDTA	seq061989	seq061893	0.161	Pass	37976327	33082005
2443-02-D1	EDTA	seq061990	seq061894	0.383	Pass	37041937	34259107
2036-02-D1	EDTA	seq061991	seq061895	0.37	Pass	34142664	32354631
2305-02-D1	EDTA	seq061992	seq061896	0.724	Pass	33299049	37882381
2406-02-D1	EDTA	seq061993	seq061897	0.276	Pass	38419085	33561496
2477-02-D1	EDTA	seq061994	seq061898	1.035	Pass	32284964	37891088
2047-02-D1	EDTA	seq061995	seq061899	0.549	Pass	40351503	37285766
2258-02-D1	EDTA	seq061996	seq061900	2.811	Pass	33980826	38573950
2464-02-D1	EDTA	seq061997	seq061901	1.688	Pass	30090695	32825490
2439-02-D1	EDTA	seq061998	seq061902	8.417	Pass	35199488	34862324
2160-02-D1	EDTA	seq061999	seq061903	0.841	Pass	41055352	35457276
2372-02-D1	EDTA	seq062000	seq061904	4.508	Pass	36300504	36055213
2256-02-D1	EDTA	seq062001	seq061905	0.8	Pass	29127028	29496111
2113-02-D1, HT388C1 - 2113 08/10/21	EDTA	seq062003	seq061907	12.347	Pass	34901704	40642523
1799-02-D1	EDTA	seq062004	seq061908	1.096	Pass	38208626	37049585
1864-02-D1	EDTA	seq062005	seq061909	0.231	Pass	36447012	31368226
1913-02-D1	EDTA	seq062006	seq061910	2.28	Pass	42912284	34347517
1937-02-D1	EDTA	seq062007	seq061911	1.372	Pass	36306613	32762254
2041-02-D1	EDTA	seq062008	seq061912	0.639	Pass	39403497	38325215
WASHU_CM_2135	EDTA	seq062009	seq061913	0.946	Pass	36028982	36540745
2078-02-D1	EDTA	seq062011	seq061915	0.451	Pass	35437059	37573366
2104-02-D1	EDTA	seq062012	seq061916	28.317	Pass	28252451	23303745
2203-02-D1	EDTA	seq062013	seq061917	0.889	Pass	40372981	38283334
2292-02-D1	EDTA	seq062014	seq061918	0.771	Pass	35089612	41205002
2324-02-D1	EDTA	seq062015	seq061919	2.165	Pass	35899456	35578056
2378-02-D1	EDTA	seq062016	seq061920	7.75	Pass	29757504	38789726
2401-02-D1	EDTA	seq062017	seq061921	4.106	Pass	32868845	33684370
2352-02-D1	EDTA	seq062019	seq061923	0.541	Pass	39813588	38712455
1930-02-D1	EDTA	seq062020	seq061924	0.56	Pass	33221221	36093470
2153-02-D1	EDTA	seq062021	seq061925	0.571	Pass	37502205	35026487
2375-02-D1	EDTA	seq062023	seq061927	4.367	Pass	39758437	35032221
2354-02-D1	EDTA	seq062024	seq061928	1.41	Pass	34167367	38943774
2465-02-D1	EDTA	seq062026	seq061930	0.244	Pass	31131875	34615742
2390-02-D1	EDTA	seq062027	seq061931	0.745	Pass	32979593	32015459
1964-02-D1	EDTA	seq062029	seq061933	3.212	Pass	36877339	36241251
1986-02-D1	EDTA	seq062030	seq061934	0.491	Pass	36775250	36999503
1649_02_10_11_2019	EDTA	seq062031	seq061935	19.38	Pass	38418887	31907734
