sample_id	total_r1_proper	mapq30	len_50_600	len_lt50	len_gt600	duplicates	percent_mapq30	percent_len_50_600_of_mapq30	group	percent_lt50_of_mapq30	percent_gt600_of_mapq30	percent_duplicates_of_total
seq003213	19304747	19304747	19304747	0	0	0	100	100.0	healthy	0.0	0.0	0.0
seq003237	18093167	18093167	18093167	0	0	0	100	100.0	healthy	0.0	0.0	0.0
seq003331	17176664	17176664	17176664	0	0	0	100	100.0	healthy	0.0	0.0	0.0
seq046366	23813251	23813251	23783402	29849	0	0	100	99.8747	healthy	0.12534617805859435	0.0	0.0
seq046368	25264006	25264006	25264006	0	0	0	100	100.0	healthy	0.0	0.0	0.0
seq046369	34222433	34222433	34222433	0	0	0	100	100.0	healthy	0.0	0.0	0.0
seq046417	35681682	35681682	35681682	0	0	0	100	100.0	healthy	0.0	0.0	0.0
seq046449	25439193	25439193	25439193	0	0	0	100	100.0	healthy	0.0	0.0	0.0
seq046566	24796789	24796789	24779809	16980	0	0	100	99.9315	healthy	0.06847660799952768	0.0	0.0
seq046606	25222709	25222709	25222709	0	0	0	100	100.0	healthy	0.0	0.0	0.0
seq046614	34415668	34415668	34415668	0	0	0	100	100.0	healthy	0.0	0.0	0.0
seq046618	33008048	33008048	33008048	0	0	0	100	100.0	healthy	0.0	0.0	0.0
seq046623	30102203	30102203	30102203	0	0	0	100	100.0	healthy	0.0	0.0	0.0
seq046639	33621334	33621334	33373624	247710	0	0	100	99.2632	healthy	0.7367643413554025	0.0	0.0
seq046641	35649056	35649056	35624863	24193	0	0	100	99.9321	healthy	0.0678643496198048	0.0	0.0
seq046749	21621031	21621031	21621031	0	0	0	100	100.0	healthy	0.0	0.0	0.0
seq046750	24663147	24663147	24663147	0	0	0	100	100.0	healthy	0.0	0.0	0.0
seq046758	30879999	30879999	30879999	0	0	0	100	100.0	healthy	0.0	0.0	0.0
seq046810	31207935	31207935	31207935	0	0	0	100	100.0	healthy	0.0	0.0	0.0
seq047238	30097579	30097579	30002776	94803	0	0	100	99.685	healthy	0.31498546776802216	0.0	0.0
seq047248	28536313	28536313	28536313	0	0	0	100	100.0	healthy	0.0	0.0	0.0
seq047288	28782357	28782357	28782357	0	0	0	100	100.0	healthy	0.0	0.0	0.0
seq047303	31136513	31136513	31136513	0	0	0	100	100.0	healthy	0.0	0.0	0.0
seq047656	32314940	32314940	32314940	0	0	0	100	100.0	healthy	0.0	0.0	0.0
seq047660	29326179	29326179	29175714	150465	0	0	100	99.4869	healthy	0.5130740012191837	0.0	0.0
seq047702	32466709	32466709	32466709	0	0	0	100	100.0	healthy	0.0	0.0	0.0
seq047715	24686586	24686586	24686586	0	0	0	100	100.0	healthy	0.0	0.0	0.0
seq047845	32656808	32656808	32656498	310	0	0	100	99.9991	healthy	0.0009492660764640562	0.0	0.0
seq047854	29129335	29129335	29129335	0	0	0	100	100.0	healthy	0.0	0.0	0.0
seq047877	37569609	37569609	37569609	0	0	0	100	100.0	healthy	0.0	0.0	0.0
seq047894	23086209	23086209	23086209	0	0	0	100	100.0	healthy	0.0	0.0	0.0
seq047898	29601081	29601081	29601081	0	0	0	100	100.0	healthy	0.0	0.0	0.0
seq048030	27338323	27338323	27338323	0	0	0	100	100.0	healthy	0.0	0.0	0.0
seq048091	35924942	35924942	35924942	0	0	0	100	100.0	healthy	0.0	0.0	0.0
seq048117	27709623	27709623	27709623	0	0	0	100	100.0	healthy	0.0	0.0	0.0
seq048120	41665372	41665372	41665372	0	0	0	100	100.0	healthy	0.0	0.0	0.0
seq048355	31912847	31912847	31912847	0	0	0	100	100.0	healthy	0.0	0.0	0.0
seq052440	29479771	29479771	29479771	0	0	0	100	100.0	healthy	0.0	0.0	0.0
seq052445	29510391	29510391	29510391	0	0	0	100	100.0	healthy	0.0	0.0	0.0
seq052446	24038393	24038393	24038393	0	0	0	100	100.0	healthy	0.0	0.0	0.0
seq052448	31129241	31129241	31129241	0	0	0	100	100.0	healthy	0.0	0.0	0.0
seq052449	24350191	24350191	24350191	0	0	0	100	100.0	healthy	0.0	0.0	0.0
seq052451	26822712	26822712	26822712	0	0	0	100	100.0	healthy	0.0	0.0	0.0
seq052453	30230158	30230158	30230158	0	0	0	100	100.0	healthy	0.0	0.0	0.0
seq052454	25549632	25549632	25537480	12152	0	0	100	99.9524	healthy	0.04756232888207548	0.0	0.0
seq052460	27981456	27981456	27981456	0	0	0	100	100.0	healthy	0.0	0.0	0.0
seq052636	22814354	22814354	22814354	0	0	0	100	100.0	healthy	0.0	0.0	0.0
seq052637	26895810	26895810	26895459	351	0	0	100	99.9987	healthy	0.0013050359888770778	0.0	0.0
seq052638	24550490	24550490	24550490	0	0	0	100	100.0	healthy	0.0	0.0	0.0
seq052640	25707091	25707091	25707091	0	0	0	100	100.0	healthy	0.0	0.0	0.0
seq052641	21789129	21789129	21755531	33598	0	0	100	99.8458	healthy	0.1541961590112207	0.0	0.0
seq052643	26130915	26130915	26130915	0	0	0	100	100.0	healthy	0.0	0.0	0.0
seq052644	24151131	24151131	24151131	0	0	0	100	100.0	healthy	0.0	0.0	0.0
seq052648	24761130	24761130	24761130	0	0	0	100	100.0	healthy	0.0	0.0	0.0
seq052650	27437733	27437733	27437733	0	0	0	100	100.0	healthy	0.0	0.0	0.0
seq052651	29380632	29380632	29380632	0	0	0	100	100.0	healthy	0.0	0.0	0.0
seq052652	25112226	25112226	25112226	0	0	0	100	100.0	healthy	0.0	0.0	0.0
seq052915	16155303	16155303	16155303	0	0	0	100	100.0	healthy	0.0	0.0	0.0
seq052916	34069850	34069850	34069850	0	0	0	100	100.0	healthy	0.0	0.0	0.0
seq052925	23011226	23011226	23011226	0	0	0	100	100.0	healthy	0.0	0.0	0.0
seq052926	20294408	20294408	20294408	0	0	0	100	100.0	healthy	0.0	0.0	0.0
seq052928	28972444	28972444	28972444	0	0	0	100	100.0	healthy	0.0	0.0	0.0
seq052929	23815278	23815278	23815278	0	0	0	100	100.0	healthy	0.0	0.0	0.0
seq052930	19660141	19660141	19660141	0	0	0	100	100.0	healthy	0.0	0.0	0.0
seq052931	22870276	22870276	22870276	0	0	0	100	100.0	healthy	0.0	0.0	0.0
seq052932	28789465	28789465	28789465	0	0	0	100	100.0	healthy	0.0	0.0	0.0
seq052934	25885441	25885441	25885441	0	0	0	100	100.0	healthy	0.0	0.0	0.0
seq052936	24662707	24662707	24662707	0	0	0	100	100.0	healthy	0.0	0.0	0.0
seq052940	25504474	25504474	25432126	72348	0	0	100	99.7163	healthy	0.283667877251654	0.0	0.0
seq054028	29032467	29032467	29032467	0	0	0	100	100.0	healthy	0.0	0.0	0.0
seq061844	35287982	35287982	35287982	0	0	0	100	100.0	cancer	0.0	0.0	0.0
seq061846	33493011	33493011	33493011	0	0	0	100	100.0	cancer	0.0	0.0	0.0
seq061849	29860986	29860986	29860986	0	0	0	100	100.0	cancer	0.0	0.0	0.0
seq061850	34044906	34044906	34044906	0	0	0	100	100.0	cancer	0.0	0.0	0.0
seq061851	33712732	33712732	33712732	0	0	0	100	100.0	cancer	0.0	0.0	0.0
seq061852	28825199	28825199	28820996	4203	0	0	100	99.9854	cancer	0.014580992138163556	0.0	0.0
seq061853	31153644	31153644	31153644	0	0	0	100	100.0	cancer	0.0	0.0	0.0
seq061854	30751487	30751487	30751487	0	0	0	100	100.0	cancer	0.0	0.0	0.0
seq061855	33587373	33587373	33587373	0	0	0	100	100.0	cancer	0.0	0.0	0.0
seq061856	30026832	30026832	30026832	0	0	0	100	100.0	cancer	0.0	0.0	0.0
seq061857	32634780	32634780	32634780	0	0	0	100	100.0	cancer	0.0	0.0	0.0
seq061858	32189476	32189476	32117296	72180	0	0	100	99.7758	cancer	0.22423477785099702	0.0	0.0
seq061859	36636861	36636861	36636861	0	0	0	100	100.0	cancer	0.0	0.0	0.0
seq061860	34267404	34267404	34267404	0	0	0	100	100.0	cancer	0.0	0.0	0.0
seq061862	32090802	32090802	32090802	0	0	0	100	100.0	cancer	0.0	0.0	0.0
seq061863	28252501	28252501	28219700	32801	0	0	100	99.8839	cancer	0.11609945611540727	0.0	0.0
seq061864	33549123	33549123	33549123	0	0	0	100	100.0	cancer	0.0	0.0	0.0
seq061865	32709394	32709394	32709394	0	0	0	100	100.0	cancer	0.0	0.0	0.0
seq061867	35481698	35481698	35481698	0	0	0	100	100.0	cancer	0.0	0.0	0.0
seq061868	38398909	38398909	38398909	0	0	0	100	100.0	cancer	0.0	0.0	0.0
seq061870	36682418	36682418	36682418	0	0	0	100	100.0	cancer	0.0	0.0	0.0
seq061872	35715240	35715240	35715091	149	0	0	100	99.9996	cancer	0.0004171888527138555	0.0	0.0
seq061874	33712196	33712196	33712196	0	0	0	100	100.0	cancer	0.0	0.0	0.0
seq061875	34302407	34302407	34302407	0	0	0	100	100.0	cancer	0.0	0.0	0.0
seq061877	34178766	34178766	34178766	0	0	0	100	100.0	cancer	0.0	0.0	0.0
seq061878	40528371	40528371	40528371	0	0	0	100	100.0	cancer	0.0	0.0	0.0
seq061880	27762423	27762423	27762423	0	0	0	100	100.0	cancer	0.0	0.0	0.0
seq061883	30024754	30024754	30024754	0	0	0	100	100.0	cancer	0.0	0.0	0.0
seq061885	30676729	30676729	30625420	51309	0	0	100	99.8327	cancer	0.16725707620261598	0.0	0.0
seq061889	36924806	36924806	36924806	0	0	0	100	100.0	cancer	0.0	0.0	0.0
seq061891	31878509	31878509	31878509	0	0	0	100	100.0	cancer	0.0	0.0	0.0
seq061892	27942656	27942656	27942656	0	0	0	100	100.0	cancer	0.0	0.0	0.0
seq061893	29492336	29492336	29492336	0	0	0	100	100.0	cancer	0.0	0.0	0.0
seq061894	30871352	30871352	30871352	0	0	0	100	100.0	cancer	0.0	0.0	0.0
seq061895	28401119	28401119	28401119	0	0	0	100	100.0	cancer	0.0	0.0	0.0
seq061896	35722151	35722151	35722151	0	0	0	100	100.0	cancer	0.0	0.0	0.0
seq061897	30070387	30070387	30070387	0	0	0	100	100.0	cancer	0.0	0.0	0.0
seq061898	33453402	33453402	33453402	0	0	0	100	100.0	cancer	0.0	0.0	0.0
seq061899	34181904	34181904	34181904	0	0	0	100	100.0	cancer	0.0	0.0	0.0
seq061900	34225189	34225189	34225189	0	0	0	100	100.0	cancer	0.0	0.0	0.0
seq061901	29934885	29934885	29934885	0	0	0	100	100.0	cancer	0.0	0.0	0.0
seq061902	30877948	30877948	30877948	0	0	0	100	100.0	cancer	0.0	0.0	0.0
seq061903	32093645	32093645	32093645	0	0	0	100	100.0	cancer	0.0	0.0	0.0
seq061904	33620437	33620437	33607601	12836	0	0	100	99.9618	cancer	0.03817915870635471	0.0	0.0
seq061905	25944245	25944245	25944245	0	0	0	100	100.0	cancer	0.0	0.0	0.0
seq061907	37043032	37043032	37043032	0	0	0	100	100.0	cancer	0.0	0.0	0.0
seq061908	34002569	34002569	34002569	0	0	0	100	100.0	cancer	0.0	0.0	0.0
seq061909	28438360	28438360	28438360	0	0	0	100	100.0	cancer	0.0	0.0	0.0
seq061910	31328741	31328741	31318207	10534	0	0	100	99.9664	cancer	0.03362407700966981	0.0	0.0
seq061911	28755934	28755934	28755934	0	0	0	100	100.0	cancer	0.0	0.0	0.0
seq061912	34867108	34867108	34867108	0	0	0	100	100.0	cancer	0.0	0.0	0.0
seq061913	33042180	33042180	33042180	0	0	0	100	100.0	cancer	0.0	0.0	0.0
seq061915	34421735	34421735	34421735	0	0	0	100	100.0	cancer	0.0	0.0	0.0
seq061916	22502427	22502427	22444411	23795	34221	0	100	99.7422	cancer	0.1057441492866525	0.15207692930189265	0.0
seq061917	35382671	35382671	35382671	0	0	0	100	100.0	cancer	0.0	0.0	0.0
seq061918	37581291	37581291	37581291	0	0	0	100	100.0	cancer	0.0	0.0	0.0
seq061919	31245945	31245945	31245945	0	0	0	100	100.0	cancer	0.0	0.0	0.0
seq061920	35562260	35562260	35521540	40720	0	0	100	99.8855	cancer	0.11450340895094968	0.0	0.0
seq061921	29985742	29985742	29985742	0	0	0	100	100.0	cancer	0.0	0.0	0.0
seq061923	33747186	33747186	33747186	0	0	0	100	100.0	cancer	0.0	0.0	0.0
seq061924	31308968	31308968	31298884	10084	0	0	100	99.9678	cancer	0.03220802423126818	0.0	0.0
seq061925	30449715	30449715	30449580	135	0	0	100	99.9996	cancer	0.00044335390331239554	0.0	0.0
seq061927	30916267	30916267	30916267	0	0	0	100	100.0	cancer	0.0	0.0	0.0
seq061928	35046532	35046532	35046532	0	0	0	100	100.0	cancer	0.0	0.0	0.0
seq061930	30987576	30987576	30987576	0	0	0	100	100.0	cancer	0.0	0.0	0.0
seq061931	28289864	28289864	28289864	0	0	0	100	100.0	cancer	0.0	0.0	0.0
seq061933	33632703	33632703	33426792	205911	0	0	100	99.3878	cancer	0.612234467149429	0.0	0.0
seq061934	33624143	33624143	33624143	0	0	0	100	100.0	cancer	0.0	0.0	0.0
seq061935	29220849	29220849	29220849	0	0	0	100	100.0	cancer	0.0	0.0	0.0
seq062779	22813349	22813349	22741848	71501	0	0	100	99.6866	cancer	0.31341737681740633	0.0	0.0
seq062780	33329945	33329945	33271856	58089	0	0	100	99.8257	cancer	0.1742847160413856	0.0	0.0
seq062781	27542111	27542111	27455189	86922	0	0	100	99.6844	cancer	0.3155967238676803	0.0	0.0
