group	sample_id	input_bam	output_bam	total_R1_proper	mapq30_primary	kept_high_quality	percent_kept_of_total_R1_proper	percent_kept_of_mapq30_primary
cancer	seq061844	data/EDTA_WGS_ca/seq061844.bam	data/EDTA_WGS_high_quality/EDTA_WGS_ca/seq061844.high_quality.R1.bam	35287982	35287982	35253881	99.903364	99.903364
cancer	seq061846	data/EDTA_WGS_ca/seq061846.bam	data/EDTA_WGS_high_quality/EDTA_WGS_ca/seq061846.high_quality.R1.bam	33493011	33493011	33459350	99.899498	99.899498
cancer	seq061849	data/EDTA_WGS_ca/seq061849.bam	data/EDTA_WGS_high_quality/EDTA_WGS_ca/seq061849.high_quality.R1.bam	29860986	29860986	29831219	99.900315	99.900315
cancer	seq061850	data/EDTA_WGS_ca/seq061850.bam	data/EDTA_WGS_high_quality/EDTA_WGS_ca/seq061850.high_quality.R1.bam	34044906	34044906	34013311	99.907196	99.907196
cancer	seq061851	data/EDTA_WGS_ca/seq061851.bam	data/EDTA_WGS_high_quality/EDTA_WGS_ca/seq061851.high_quality.R1.bam	33712732	33712732	33679337	99.900942	99.900942
cancer	seq061852	data/EDTA_WGS_ca/seq061852.bam	data/EDTA_WGS_high_quality/EDTA_WGS_ca/seq061852.high_quality.R1.bam	28825199	28825199	28792260	99.885728	99.885728
cancer	seq061853	data/EDTA_WGS_ca/seq061853.bam	data/EDTA_WGS_high_quality/EDTA_WGS_ca/seq061853.high_quality.R1.bam	31153644	31153644	31122651	99.900516	99.900516
cancer	seq061854	data/EDTA_WGS_ca/seq061854.bam	data/EDTA_WGS_high_quality/EDTA_WGS_ca/seq061854.high_quality.R1.bam	30751487	30751487	30721273	99.901748	99.901748
cancer	seq061855	data/EDTA_WGS_ca/seq061855.bam	data/EDTA_WGS_high_quality/EDTA_WGS_ca/seq061855.high_quality.R1.bam	33587373	33587373	33554191	99.901207	99.901207
cancer	seq061856	data/EDTA_WGS_ca/seq061856.bam	data/EDTA_WGS_high_quality/EDTA_WGS_ca/seq061856.high_quality.R1.bam	30026832	30026832	29997432	99.902088	99.902088
cancer	seq061857	data/EDTA_WGS_ca/seq061857.bam	data/EDTA_WGS_high_quality/EDTA_WGS_ca/seq061857.high_quality.R1.bam	32634780	32634780	32603127	99.903008	99.903008
cancer	seq061858	data/EDTA_WGS_ca/seq061858.bam	data/EDTA_WGS_high_quality/EDTA_WGS_ca/seq061858.high_quality.R1.bam	32189476	32189476	32085622	99.677367	99.677367
cancer	seq061859	data/EDTA_WGS_ca/seq061859.bam	data/EDTA_WGS_high_quality/EDTA_WGS_ca/seq061859.high_quality.R1.bam	36636861	36636861	36600600	99.901026	99.901026
cancer	seq061860	data/EDTA_WGS_ca/seq061860.bam	data/EDTA_WGS_high_quality/EDTA_WGS_ca/seq061860.high_quality.R1.bam	34267404	34267404	34233866	99.902129	99.902129
cancer	seq061862	data/EDTA_WGS_ca/seq061862.bam	data/EDTA_WGS_high_quality/EDTA_WGS_ca/seq061862.high_quality.R1.bam	32090802	32090802	32059176	99.901448	99.901448
cancer	seq061863	data/EDTA_WGS_ca/seq061863.bam	data/EDTA_WGS_high_quality/EDTA_WGS_ca/seq061863.high_quality.R1.bam	28252501	28252501	28192018	99.785920	99.785920
cancer	seq061864	data/EDTA_WGS_ca/seq061864.bam	data/EDTA_WGS_high_quality/EDTA_WGS_ca/seq061864.high_quality.R1.bam	33549123	33549123	33515687	99.900337	99.900337
cancer	seq061865	data/EDTA_WGS_ca/seq061865.bam	data/EDTA_WGS_high_quality/EDTA_WGS_ca/seq061865.high_quality.R1.bam	32709394	32709394	32677195	99.901560	99.901560
cancer	seq061867	data/EDTA_WGS_ca/seq061867.bam	data/EDTA_WGS_high_quality/EDTA_WGS_ca/seq061867.high_quality.R1.bam	35481698	35481698	35447071	99.902409	99.902409
cancer	seq061868	data/EDTA_WGS_ca/seq061868.bam	data/EDTA_WGS_high_quality/EDTA_WGS_ca/seq061868.high_quality.R1.bam	38398909	38398909	38360940	99.901120	99.901120
cancer	seq061870	data/EDTA_WGS_ca/seq061870.bam	data/EDTA_WGS_high_quality/EDTA_WGS_ca/seq061870.high_quality.R1.bam	36682418	36682418	36645904	99.900459	99.900459
cancer	seq061872	data/EDTA_WGS_ca/seq061872.bam	data/EDTA_WGS_high_quality/EDTA_WGS_ca/seq061872.high_quality.R1.bam	35715240	35715240	35680301	99.902173	99.902173
cancer	seq061874	data/EDTA_WGS_ca/seq061874.bam	data/EDTA_WGS_high_quality/EDTA_WGS_ca/seq061874.high_quality.R1.bam	33712196	33712196	33679075	99.901754	99.901754
cancer	seq061875	data/EDTA_WGS_ca/seq061875.bam	data/EDTA_WGS_high_quality/EDTA_WGS_ca/seq061875.high_quality.R1.bam	34302407	34302407	34268350	99.900715	99.900715
cancer	seq061877	data/EDTA_WGS_ca/seq061877.bam	data/EDTA_WGS_high_quality/EDTA_WGS_ca/seq061877.high_quality.R1.bam	34178766	34178766	34145241	99.901913	99.901913
cancer	seq061878	data/EDTA_WGS_ca/seq061878.bam	data/EDTA_WGS_high_quality/EDTA_WGS_ca/seq061878.high_quality.R1.bam	40528371	40528371	40488677	99.902059	99.902059
cancer	seq061880	data/EDTA_WGS_ca/seq061880.bam	data/EDTA_WGS_high_quality/EDTA_WGS_ca/seq061880.high_quality.R1.bam	27762423	27762423	27733268	99.894984	99.894984
cancer	seq061883	data/EDTA_WGS_ca/seq061883.bam	data/EDTA_WGS_high_quality/EDTA_WGS_ca/seq061883.high_quality.R1.bam	30024754	30024754	29995092	99.901208	99.901208
cancer	seq061885	data/EDTA_WGS_ca/seq061885.bam	data/EDTA_WGS_high_quality/EDTA_WGS_ca/seq061885.high_quality.R1.bam	30676729	30676729	30595584	99.735484	99.735484
cancer	seq061889	data/EDTA_WGS_ca/seq061889.bam	data/EDTA_WGS_high_quality/EDTA_WGS_ca/seq061889.high_quality.R1.bam	36924806	36924806	36889427	99.904186	99.904186
cancer	seq061891	data/EDTA_WGS_ca/seq061891.bam	data/EDTA_WGS_high_quality/EDTA_WGS_ca/seq061891.high_quality.R1.bam	31878509	31878509	31846637	99.900020	99.900020
cancer	seq061892	data/EDTA_WGS_ca/seq061892.bam	data/EDTA_WGS_high_quality/EDTA_WGS_ca/seq061892.high_quality.R1.bam	27942656	27942656	27915179	99.901666	99.901666
cancer	seq061893	data/EDTA_WGS_ca/seq061893.bam	data/EDTA_WGS_high_quality/EDTA_WGS_ca/seq061893.high_quality.R1.bam	29492336	29492336	29463007	99.900554	99.900554
cancer	seq061894	data/EDTA_WGS_ca/seq061894.bam	data/EDTA_WGS_high_quality/EDTA_WGS_ca/seq061894.high_quality.R1.bam	30871352	30871352	30841272	99.902563	99.902563
cancer	seq061895	data/EDTA_WGS_ca/seq061895.bam	data/EDTA_WGS_high_quality/EDTA_WGS_ca/seq061895.high_quality.R1.bam	28401119	28401119	28373157	99.901546	99.901546
cancer	seq061896	data/EDTA_WGS_ca/seq061896.bam	data/EDTA_WGS_high_quality/EDTA_WGS_ca/seq061896.high_quality.R1.bam	35722151	35722151	35687062	99.901772	99.901772
cancer	seq061897	data/EDTA_WGS_ca/seq061897.bam	data/EDTA_WGS_high_quality/EDTA_WGS_ca/seq061897.high_quality.R1.bam	30070387	30070387	30040411	99.900314	99.900314
cancer	seq061898	data/EDTA_WGS_ca/seq061898.bam	data/EDTA_WGS_high_quality/EDTA_WGS_ca/seq061898.high_quality.R1.bam	33453402	33453402	33420380	99.901290	99.901290
cancer	seq061899	data/EDTA_WGS_ca/seq061899.bam	data/EDTA_WGS_high_quality/EDTA_WGS_ca/seq061899.high_quality.R1.bam	34181904	34181904	34148815	99.903197	99.903197
cancer	seq061900	data/EDTA_WGS_ca/seq061900.bam	data/EDTA_WGS_high_quality/EDTA_WGS_ca/seq061900.high_quality.R1.bam	34225189	34225189	34191301	99.900985	99.900985
cancer	seq061901	data/EDTA_WGS_ca/seq061901.bam	data/EDTA_WGS_high_quality/EDTA_WGS_ca/seq061901.high_quality.R1.bam	29934885	29934885	29904733	99.899275	99.899275
cancer	seq061902	data/EDTA_WGS_ca/seq061902.bam	data/EDTA_WGS_high_quality/EDTA_WGS_ca/seq061902.high_quality.R1.bam	30877948	30877948	30847247	99.900573	99.900573
cancer	seq061903	data/EDTA_WGS_ca/seq061903.bam	data/EDTA_WGS_high_quality/EDTA_WGS_ca/seq061903.high_quality.R1.bam	32093645	32093645	32061453	99.899694	99.899694
cancer	seq061904	data/EDTA_WGS_ca/seq061904.bam	data/EDTA_WGS_high_quality/EDTA_WGS_ca/seq061904.high_quality.R1.bam	33620437	33620437	33574629	99.863750	99.863750
cancer	seq061905	data/EDTA_WGS_ca/seq061905.bam	data/EDTA_WGS_high_quality/EDTA_WGS_ca/seq061905.high_quality.R1.bam	25944245	25944245	25918647	99.901335	99.901335
cancer	seq061907	data/EDTA_WGS_ca/seq061907.bam	data/EDTA_WGS_high_quality/EDTA_WGS_ca/seq061907.high_quality.R1.bam	37043032	37043032	37006201	99.900572	99.900572
cancer	seq061908	data/EDTA_WGS_ca/seq061908.bam	data/EDTA_WGS_high_quality/EDTA_WGS_ca/seq061908.high_quality.R1.bam	34002569	34002569	33968797	99.900678	99.900678
cancer	seq061909	data/EDTA_WGS_ca/seq061909.bam	data/EDTA_WGS_high_quality/EDTA_WGS_ca/seq061909.high_quality.R1.bam	28438360	28438360	28409858	99.899776	99.899776
cancer	seq061910	data/EDTA_WGS_ca/seq061910.bam	data/EDTA_WGS_high_quality/EDTA_WGS_ca/seq061910.high_quality.R1.bam	31328741	31328741	31287258	99.867588	99.867588
cancer	seq061911	data/EDTA_WGS_ca/seq061911.bam	data/EDTA_WGS_high_quality/EDTA_WGS_ca/seq061911.high_quality.R1.bam	28755934	28755934	28727363	99.900643	99.900643
cancer	seq061912	data/EDTA_WGS_ca/seq061912.bam	data/EDTA_WGS_high_quality/EDTA_WGS_ca/seq061912.high_quality.R1.bam	34867108	34867108	34832530	99.900829	99.900829
cancer	seq061913	data/EDTA_WGS_ca/seq061913.bam	data/EDTA_WGS_high_quality/EDTA_WGS_ca/seq061913.high_quality.R1.bam	33042180	33042180	33009308	99.900515	99.900515
cancer	seq061915	data/EDTA_WGS_ca/seq061915.bam	data/EDTA_WGS_high_quality/EDTA_WGS_ca/seq061915.high_quality.R1.bam	34421735	34421735	34387213	99.899709	99.899709
cancer	seq061916	data/EDTA_WGS_ca/seq061916.bam	data/EDTA_WGS_high_quality/EDTA_WGS_ca/seq061916.high_quality.R1.bam	22502427	22502427	22422083	99.642954	99.642954
cancer	seq061917	data/EDTA_WGS_ca/seq061917.bam	data/EDTA_WGS_high_quality/EDTA_WGS_ca/seq061917.high_quality.R1.bam	35382671	35382671	35347230	99.899835	99.899835
cancer	seq061918	data/EDTA_WGS_ca/seq061918.bam	data/EDTA_WGS_high_quality/EDTA_WGS_ca/seq061918.high_quality.R1.bam	37581291	37581291	37544485	99.902063	99.902063
cancer	seq061919	data/EDTA_WGS_ca/seq061919.bam	data/EDTA_WGS_high_quality/EDTA_WGS_ca/seq061919.high_quality.R1.bam	31245945	31245945	31215753	99.903373	99.903373
cancer	seq061920	data/EDTA_WGS_ca/seq061920.bam	data/EDTA_WGS_high_quality/EDTA_WGS_ca/seq061920.high_quality.R1.bam	35562260	35562260	35486586	99.787207	99.787207
cancer	seq061921	data/EDTA_WGS_ca/seq061921.bam	data/EDTA_WGS_high_quality/EDTA_WGS_ca/seq061921.high_quality.R1.bam	29985742	29985742	29955796	99.900133	99.900133
cancer	seq061923	data/EDTA_WGS_ca/seq061923.bam	data/EDTA_WGS_high_quality/EDTA_WGS_ca/seq061923.high_quality.R1.bam	33747186	33747186	33714176	99.902184	99.902184
cancer	seq061924	data/EDTA_WGS_ca/seq061924.bam	data/EDTA_WGS_high_quality/EDTA_WGS_ca/seq061924.high_quality.R1.bam	31308968	31308968	31268531	99.870845	99.870845
cancer	seq061925	data/EDTA_WGS_ca/seq061925.bam	data/EDTA_WGS_high_quality/EDTA_WGS_ca/seq061925.high_quality.R1.bam	30449715	30449715	30419886	99.902038	99.902038
cancer	seq061927	data/EDTA_WGS_ca/seq061927.bam	data/EDTA_WGS_high_quality/EDTA_WGS_ca/seq061927.high_quality.R1.bam	30916267	30916267	30886041	99.902233	99.902233
cancer	seq061928	data/EDTA_WGS_ca/seq061928.bam	data/EDTA_WGS_high_quality/EDTA_WGS_ca/seq061928.high_quality.R1.bam	35046532	35046532	35011948	99.901320	99.901320
cancer	seq061930	data/EDTA_WGS_ca/seq061930.bam	data/EDTA_WGS_high_quality/EDTA_WGS_ca/seq061930.high_quality.R1.bam	30987576	30987576	30956907	99.901028	99.901028
cancer	seq061931	data/EDTA_WGS_ca/seq061931.bam	data/EDTA_WGS_high_quality/EDTA_WGS_ca/seq061931.high_quality.R1.bam	28289864	28289864	28263555	99.907002	99.907002
cancer	seq061933	data/EDTA_WGS_ca/seq061933.bam	data/EDTA_WGS_high_quality/EDTA_WGS_ca/seq061933.high_quality.R1.bam	33632703	33632703	33394011	99.290298	99.290298
cancer	seq061934	data/EDTA_WGS_ca/seq061934.bam	data/EDTA_WGS_high_quality/EDTA_WGS_ca/seq061934.high_quality.R1.bam	33624143	33624143	33590920	99.901193	99.901193
cancer	seq061935	data/EDTA_WGS_ca/seq061935.bam	data/EDTA_WGS_high_quality/EDTA_WGS_ca/seq061935.high_quality.R1.bam	29220849	29220849	29191670	99.900143	99.900143
cancer	seq062779	data/EDTA_WGS_ca/seq062779.bam	data/EDTA_WGS_high_quality/EDTA_WGS_ca/seq062779.high_quality.R1.bam	22813349	22813349	22704111	99.521166	99.521166
cancer	seq062780	data/EDTA_WGS_ca/seq062780.bam	data/EDTA_WGS_high_quality/EDTA_WGS_ca/seq062780.high_quality.R1.bam	33329945	33329945	33218088	99.664395	99.664395
cancer	seq062781	data/EDTA_WGS_ca/seq062781.bam	data/EDTA_WGS_high_quality/EDTA_WGS_ca/seq062781.high_quality.R1.bam	27542111	27542111	27409746	99.519409	99.519409
healthy	seq003213	data/EDTA_WGS_hc/seq003213.bam	data/EDTA_WGS_high_quality/EDTA_WGS_hc/seq003213.high_quality.R1.bam	19304747	19304747	19293084	99.939585	99.939585
healthy	seq003237	data/EDTA_WGS_hc/seq003237.bam	data/EDTA_WGS_high_quality/EDTA_WGS_hc/seq003237.high_quality.R1.bam	18093167	18093167	18082243	99.939624	99.939624
healthy	seq003331	data/EDTA_WGS_hc/seq003331.bam	data/EDTA_WGS_high_quality/EDTA_WGS_hc/seq003331.high_quality.R1.bam	17176664	17176664	17167365	99.945863	99.945863
healthy	seq046366	data/EDTA_WGS_hc/seq046366.bam	data/EDTA_WGS_high_quality/EDTA_WGS_hc/seq046366.high_quality.R1.bam	23813251	23813251	23773257	99.832051	99.832051
healthy	seq046368	data/EDTA_WGS_hc/seq046368.bam	data/EDTA_WGS_high_quality/EDTA_WGS_hc/seq046368.high_quality.R1.bam	25264006	25264006	25252669	99.955126	99.955126
healthy	seq046369	data/EDTA_WGS_hc/seq046369.bam	data/EDTA_WGS_high_quality/EDTA_WGS_hc/seq046369.high_quality.R1.bam	34222433	34222433	34206951	99.954761	99.954761
healthy	seq046417	data/EDTA_WGS_hc/seq046417.bam	data/EDTA_WGS_high_quality/EDTA_WGS_hc/seq046417.high_quality.R1.bam	35681682	35681682	35665905	99.955784	99.955784
healthy	seq046449	data/EDTA_WGS_hc/seq046449.bam	data/EDTA_WGS_high_quality/EDTA_WGS_hc/seq046449.high_quality.R1.bam	25439193	25439193	25428491	99.957931	99.957931
healthy	seq046566	data/EDTA_WGS_hc/seq046566.bam	data/EDTA_WGS_high_quality/EDTA_WGS_hc/seq046566.high_quality.R1.bam	24796789	24796789	24759058	99.847839	99.847839
healthy	seq046606	data/EDTA_WGS_hc/seq046606.bam	data/EDTA_WGS_high_quality/EDTA_WGS_hc/seq046606.high_quality.R1.bam	25222709	25222709	25201370	99.915398	99.915398
healthy	seq046614	data/EDTA_WGS_hc/seq046614.bam	data/EDTA_WGS_high_quality/EDTA_WGS_hc/seq046614.high_quality.R1.bam	34415668	34415668	34385894	99.913487	99.913487
healthy	seq046618	data/EDTA_WGS_hc/seq046618.bam	data/EDTA_WGS_high_quality/EDTA_WGS_hc/seq046618.high_quality.R1.bam	33008048	33008048	32980240	99.915754	99.915754
healthy	seq046623	data/EDTA_WGS_hc/seq046623.bam	data/EDTA_WGS_high_quality/EDTA_WGS_hc/seq046623.high_quality.R1.bam	30102203	30102203	30076372	99.914189	99.914189
healthy	seq046639	data/EDTA_WGS_hc/seq046639.bam	data/EDTA_WGS_high_quality/EDTA_WGS_hc/seq046639.high_quality.R1.bam	33621334	33621334	33346138	99.181484	99.181484
healthy	seq046641	data/EDTA_WGS_hc/seq046641.bam	data/EDTA_WGS_high_quality/EDTA_WGS_hc/seq046641.high_quality.R1.bam	35649056	35649056	35595004	99.848377	99.848377
healthy	seq046749	data/EDTA_WGS_hc/seq046749.bam	data/EDTA_WGS_high_quality/EDTA_WGS_hc/seq046749.high_quality.R1.bam	21621031	21621031	21581284	99.816165	99.816165
healthy	seq046750	data/EDTA_WGS_hc/seq046750.bam	data/EDTA_WGS_high_quality/EDTA_WGS_hc/seq046750.high_quality.R1.bam	24663147	24663147	24619194	99.821787	99.821787
healthy	seq046758	data/EDTA_WGS_hc/seq046758.bam	data/EDTA_WGS_high_quality/EDTA_WGS_hc/seq046758.high_quality.R1.bam	30879999	30879999	30823947	99.818484	99.818484
healthy	seq046810	data/EDTA_WGS_hc/seq046810.bam	data/EDTA_WGS_high_quality/EDTA_WGS_hc/seq046810.high_quality.R1.bam	31207935	31207935	31151246	99.818351	99.818351
healthy	seq047238	data/EDTA_WGS_hc/seq047238.bam	data/EDTA_WGS_high_quality/EDTA_WGS_hc/seq047238.high_quality.R1.bam	30097579	30097579	29987784	99.635203	99.635203
healthy	seq047248	data/EDTA_WGS_hc/seq047248.bam	data/EDTA_WGS_high_quality/EDTA_WGS_hc/seq047248.high_quality.R1.bam	28536313	28536313	28522411	99.951283	99.951283
healthy	seq047288	data/EDTA_WGS_hc/seq047288.bam	data/EDTA_WGS_high_quality/EDTA_WGS_hc/seq047288.high_quality.R1.bam	28782357	28782357	28767686	99.949028	99.949028
healthy	seq047303	data/EDTA_WGS_hc/seq047303.bam	data/EDTA_WGS_high_quality/EDTA_WGS_hc/seq047303.high_quality.R1.bam	31136513	31136513	31121153	99.950669	99.950669
healthy	seq047656	data/EDTA_WGS_hc/seq047656.bam	data/EDTA_WGS_high_quality/EDTA_WGS_hc/seq047656.high_quality.R1.bam	32314940	32314940	32287973	99.916549	99.916549
healthy	seq047660	data/EDTA_WGS_hc/seq047660.bam	data/EDTA_WGS_high_quality/EDTA_WGS_hc/seq047660.high_quality.R1.bam	29326179	29326179	29151325	99.403761	99.403761
healthy	seq047702	data/EDTA_WGS_hc/seq047702.bam	data/EDTA_WGS_high_quality/EDTA_WGS_hc/seq047702.high_quality.R1.bam	32466709	32466709	32439330	99.915671	99.915671
healthy	seq047715	data/EDTA_WGS_hc/seq047715.bam	data/EDTA_WGS_high_quality/EDTA_WGS_hc/seq047715.high_quality.R1.bam	24686586	24686586	24665605	99.915011	99.915011
healthy	seq047845	data/EDTA_WGS_hc/seq047845.bam	data/EDTA_WGS_high_quality/EDTA_WGS_hc/seq047845.high_quality.R1.bam	32656808	32656808	32636635	99.938227	99.938227
healthy	seq047854	data/EDTA_WGS_hc/seq047854.bam	data/EDTA_WGS_high_quality/EDTA_WGS_hc/seq047854.high_quality.R1.bam	29129335	29129335	29111741	99.939600	99.939600
healthy	seq047877	data/EDTA_WGS_hc/seq047877.bam	data/EDTA_WGS_high_quality/EDTA_WGS_hc/seq047877.high_quality.R1.bam	37569609	37569609	37547926	99.942286	99.942286
healthy	seq047894	data/EDTA_WGS_hc/seq047894.bam	data/EDTA_WGS_high_quality/EDTA_WGS_hc/seq047894.high_quality.R1.bam	23086209	23086209	23072185	99.939254	99.939254
healthy	seq047898	data/EDTA_WGS_hc/seq047898.bam	data/EDTA_WGS_high_quality/EDTA_WGS_hc/seq047898.high_quality.R1.bam	29601081	29601081	29583090	99.939222	99.939222
healthy	seq048030	data/EDTA_WGS_hc/seq048030.bam	data/EDTA_WGS_high_quality/EDTA_WGS_hc/seq048030.high_quality.R1.bam	27338323	27338323	27312009	99.903747	99.903747
healthy	seq048091	data/EDTA_WGS_hc/seq048091.bam	data/EDTA_WGS_high_quality/EDTA_WGS_hc/seq048091.high_quality.R1.bam	35924942	35924942	35890164	99.903193	99.903193
healthy	seq048117	data/EDTA_WGS_hc/seq048117.bam	data/EDTA_WGS_high_quality/EDTA_WGS_hc/seq048117.high_quality.R1.bam	27709623	27709623	27686506	99.916574	99.916574
healthy	seq048120	data/EDTA_WGS_hc/seq048120.bam	data/EDTA_WGS_high_quality/EDTA_WGS_hc/seq048120.high_quality.R1.bam	41665372	41665372	41624936	99.902951	99.902951
healthy	seq048355	data/EDTA_WGS_hc/seq048355.bam	data/EDTA_WGS_high_quality/EDTA_WGS_hc/seq048355.high_quality.R1.bam	31912847	31912847	31896559	99.948961	99.948961
healthy	seq052440	data/EDTA_WGS_hc/seq052440.bam	data/EDTA_WGS_high_quality/EDTA_WGS_hc/seq052440.high_quality.R1.bam	29479771	29479771	29460401	99.934294	99.934294
healthy	seq052445	data/EDTA_WGS_hc/seq052445.bam	data/EDTA_WGS_high_quality/EDTA_WGS_hc/seq052445.high_quality.R1.bam	29510391	29510391	29491634	99.936439	99.936439
healthy	seq052446	data/EDTA_WGS_hc/seq052446.bam	data/EDTA_WGS_high_quality/EDTA_WGS_hc/seq052446.high_quality.R1.bam	24038393	24038393	24022839	99.935295	99.935295
healthy	seq052448	data/EDTA_WGS_hc/seq052448.bam	data/EDTA_WGS_high_quality/EDTA_WGS_hc/seq052448.high_quality.R1.bam	31129241	31129241	31109179	99.935553	99.935553
healthy	seq052449	data/EDTA_WGS_hc/seq052449.bam	data/EDTA_WGS_high_quality/EDTA_WGS_hc/seq052449.high_quality.R1.bam	24350191	24350191	24334522	99.935651	99.935651
healthy	seq052451	data/EDTA_WGS_hc/seq052451.bam	data/EDTA_WGS_high_quality/EDTA_WGS_hc/seq052451.high_quality.R1.bam	26822712	26822712	26805515	99.935886	99.935886
healthy	seq052453	data/EDTA_WGS_hc/seq052453.bam	data/EDTA_WGS_high_quality/EDTA_WGS_hc/seq052453.high_quality.R1.bam	30230158	30230158	30210757	99.935822	99.935822
healthy	seq052454	data/EDTA_WGS_hc/seq052454.bam	data/EDTA_WGS_high_quality/EDTA_WGS_hc/seq052454.high_quality.R1.bam	25549632	25549632	25520757	99.886985	99.886985
healthy	seq052460	data/EDTA_WGS_hc/seq052460.bam	data/EDTA_WGS_high_quality/EDTA_WGS_hc/seq052460.high_quality.R1.bam	27981456	27981456	27963299	99.935111	99.935111
healthy	seq052636	data/EDTA_WGS_hc/seq052636.bam	data/EDTA_WGS_high_quality/EDTA_WGS_hc/seq052636.high_quality.R1.bam	22814354	22814354	22804988	99.958947	99.958947
healthy	seq052637	data/EDTA_WGS_hc/seq052637.bam	data/EDTA_WGS_high_quality/EDTA_WGS_hc/seq052637.high_quality.R1.bam	26895810	26895810	26884612	99.958365	99.958365
healthy	seq052638	data/EDTA_WGS_hc/seq052638.bam	data/EDTA_WGS_high_quality/EDTA_WGS_hc/seq052638.high_quality.R1.bam	24550490	24550490	24540430	99.959023	99.959023
healthy	seq052640	data/EDTA_WGS_hc/seq052640.bam	data/EDTA_WGS_high_quality/EDTA_WGS_hc/seq052640.high_quality.R1.bam	25707091	25707091	25696309	99.958058	99.958058
healthy	seq052641	data/EDTA_WGS_hc/seq052641.bam	data/EDTA_WGS_high_quality/EDTA_WGS_hc/seq052641.high_quality.R1.bam	21789129	21789129	21746780	99.805642	99.805642
healthy	seq052643	data/EDTA_WGS_hc/seq052643.bam	data/EDTA_WGS_high_quality/EDTA_WGS_hc/seq052643.high_quality.R1.bam	26130915	26130915	26120317	99.959443	99.959443
healthy	seq052644	data/EDTA_WGS_hc/seq052644.bam	data/EDTA_WGS_high_quality/EDTA_WGS_hc/seq052644.high_quality.R1.bam	24151131	24151131	24141401	99.959712	99.959712
healthy	seq052648	data/EDTA_WGS_hc/seq052648.bam	data/EDTA_WGS_high_quality/EDTA_WGS_hc/seq052648.high_quality.R1.bam	24761130	24761130	24751033	99.959222	99.959222
healthy	seq052650	data/EDTA_WGS_hc/seq052650.bam	data/EDTA_WGS_high_quality/EDTA_WGS_hc/seq052650.high_quality.R1.bam	27437733	27437733	27426474	99.958965	99.958965
healthy	seq052651	data/EDTA_WGS_hc/seq052651.bam	data/EDTA_WGS_high_quality/EDTA_WGS_hc/seq052651.high_quality.R1.bam	29380632	29380632	29368415	99.958418	99.958418
healthy	seq052652	data/EDTA_WGS_hc/seq052652.bam	data/EDTA_WGS_high_quality/EDTA_WGS_hc/seq052652.high_quality.R1.bam	25112226	25112226	25101976	99.959183	99.959183
healthy	seq052915	data/EDTA_WGS_hc/seq052915.bam	data/EDTA_WGS_high_quality/EDTA_WGS_hc/seq052915.high_quality.R1.bam	16155303	16155303	16141897	99.917018	99.917018
healthy	seq052916	data/EDTA_WGS_hc/seq052916.bam	data/EDTA_WGS_high_quality/EDTA_WGS_hc/seq052916.high_quality.R1.bam	34069850	34069850	34041742	99.917499	99.917499
healthy	seq052925	data/EDTA_WGS_hc/seq052925.bam	data/EDTA_WGS_high_quality/EDTA_WGS_hc/seq052925.high_quality.R1.bam	23011226	23011226	22992743	99.919678	99.919678
healthy	seq052926	data/EDTA_WGS_hc/seq052926.bam	data/EDTA_WGS_high_quality/EDTA_WGS_hc/seq052926.high_quality.R1.bam	20294408	20294408	20278116	99.919722	99.919722
healthy	seq052928	data/EDTA_WGS_hc/seq052928.bam	data/EDTA_WGS_high_quality/EDTA_WGS_hc/seq052928.high_quality.R1.bam	28972444	28972444	28948399	99.917007	99.917007
healthy	seq052929	data/EDTA_WGS_hc/seq052929.bam	data/EDTA_WGS_high_quality/EDTA_WGS_hc/seq052929.high_quality.R1.bam	23815278	23815278	23796123	99.919568	99.919568
healthy	seq052930	data/EDTA_WGS_hc/seq052930.bam	data/EDTA_WGS_high_quality/EDTA_WGS_hc/seq052930.high_quality.R1.bam	19660141	19660141	19644161	99.918719	99.918719
healthy	seq052931	data/EDTA_WGS_hc/seq052931.bam	data/EDTA_WGS_high_quality/EDTA_WGS_hc/seq052931.high_quality.R1.bam	22870276	22870276	22852214	99.921024	99.921024
healthy	seq052932	data/EDTA_WGS_hc/seq052932.bam	data/EDTA_WGS_high_quality/EDTA_WGS_hc/seq052932.high_quality.R1.bam	28789465	28789465	28765914	99.918196	99.918196
healthy	seq052934	data/EDTA_WGS_hc/seq052934.bam	data/EDTA_WGS_high_quality/EDTA_WGS_hc/seq052934.high_quality.R1.bam	25885441	25885441	25863852	99.916598	99.916598
healthy	seq052936	data/EDTA_WGS_hc/seq052936.bam	data/EDTA_WGS_high_quality/EDTA_WGS_hc/seq052936.high_quality.R1.bam	24662707	24662707	24643032	99.920224	99.920224
healthy	seq052940	data/EDTA_WGS_hc/seq052940.bam	data/EDTA_WGS_high_quality/EDTA_WGS_hc/seq052940.high_quality.R1.bam	25504474	25504474	25411162	99.634135	99.634135
healthy	seq054028	data/EDTA_WGS_hc/seq054028.bam	data/EDTA_WGS_high_quality/EDTA_WGS_hc/seq054028.high_quality.R1.bam	29032467	29032467	29009673	99.921488	99.921488
