sample_id	group	data_type	status
seq015764_NC_wgs	healthy	WGS	copied
seq015807_NC_wgs	healthy	WGS	copied
seq015845_NC_wgs	healthy	WGS	copied
seq015847_NC_wgs	healthy	WGS	copied
seq015853_NC_wgs	healthy	WGS	copied
seq015867_NC_wgs	healthy	WGS	copied
seq016101_NC_wgs	healthy	WGS	copied
seq016116_NC_wgs	healthy	WGS	copied
seq016130_NC_wgs	healthy	WGS	copied
seq016138_NC_wgs	healthy	WGS	copied
seq016188_NC_wgs	healthy	WGS	copied
seq017061_NC_wgs	healthy	WGS	copied
seq017068_NC_wgs	healthy	WGS	copied
seq017070_NC_wgs	healthy	WGS	copied
seq017083_NC_wgs	healthy	WGS	copied
seq017089_NC_wgs	healthy	WGS	copied
seq017222_NC_wgs	healthy	WGS	copied
seq017233_NC_wgs	healthy	WGS	copied
seq017236_NC_wgs	healthy	WGS	copied
seq017249_NC_wgs	healthy	WGS	copied
seq017254_NC_wgs	healthy	WGS	copied
seq017261_NC_wgs	healthy	WGS	copied
seq017267_NC_wgs	healthy	WGS	copied
seq017286_NC_wgs	healthy	WGS	copied
seq017297_NC_wgs	healthy	WGS	copied
seq017311_NC_wgs	healthy	WGS	copied
seq017424_NC_wgs	healthy	WGS	copied
seq017449_NC_wgs	healthy	WGS	copied
seq017452_NC_wgs	healthy	WGS	copied
seq017492_NC_wgs	healthy	WGS	copied
seq017493_NC_wgs	healthy	WGS	copied
seq017503_NC_wgs	healthy	WGS	copied
seq017631_NC_wgs	healthy	WGS	copied
seq017633_NC_wgs	healthy	WGS	copied
seq017648_NC_wgs	healthy	WGS	copied
seq017683_NC_wgs	healthy	WGS	copied
seq017685_NC_wgs	healthy	WGS	copied
seq017686_NC_wgs	healthy	WGS	copied
seq017899_NC_wgs	healthy	WGS	copied
seq017909_NC_wgs	healthy	WGS	copied
seq018061_NC_wgs	healthy	WGS	copied
seq018066_NC_wgs	healthy	WGS	copied
seq018075_NC_wgs	healthy	WGS	copied
seq018079_NC_wgs	healthy	WGS	copied
seq018101_NC_wgs	healthy	WGS	copied
seq018107_NC_wgs	healthy	WGS	copied
seq018121_NC_wgs	healthy	WGS	copied
seq018275_NC_wgs	healthy	WGS	copied
seq018277_NC_wgs	healthy	WGS	copied
seq018312_NC_wgs	healthy	WGS	copied
seq018326_NC_wgs	healthy	WGS	copied
seq018335_NC_wgs	healthy	WGS	copied
seq018465_NC_wgs	healthy	WGS	copied
seq018481_NC_wgs	healthy	WGS	copied
seq018498_NC_wgs	healthy	WGS	copied
seq018500_NC_wgs	healthy	WGS	copied
seq018501_NC_wgs	healthy	WGS	copied
seq018552_NC_wgs	healthy	WGS	copied
seq018708_NC_wgs	healthy	WGS	copied
seq018710_NC_wgs	healthy	WGS	copied
seq018739_NC_wgs	healthy	WGS	copied
seq018879_NC_wgs	healthy	WGS	copied
seq018910_NC_wgs	healthy	WGS	copied
seq018913_NC_wgs	healthy	WGS	copied
seq018933_NC_wgs	healthy	WGS	copied
seq019065_NC_wgs	healthy	WGS	copied
seq019074_NC_wgs	healthy	WGS	copied
seq019101_NC_wgs	healthy	WGS	copied
seq019125_NC_wgs	healthy	WGS	copied
seq019127_NC_wgs	healthy	WGS	copied
seq019266_NC_wgs	healthy	WGS	copied
seq019284_NC_wgs	healthy	WGS	copied
seq019288_NC_wgs	healthy	WGS	copied
seq019309_NC_wgs	healthy	WGS	copied
seq019423_NC_wgs	healthy	WGS	copied
seq019430_NC_wgs	healthy	WGS	copied
seq019444_NC_wgs	healthy	WGS	copied
seq019448_NC_wgs	healthy	WGS	copied
seq019459_NC_wgs	healthy	WGS	copied
seq019465_NC_wgs	healthy	WGS	copied
seq019468_NC_wgs	healthy	WGS	copied
seq019471_NC_wgs	healthy	WGS	copied
seq019510_NC_wgs	healthy	WGS	copied
seq022694_NC_wgs	healthy	WGS	copied
seq022696_NC_wgs	healthy	WGS	copied
seq022706_NC_wgs	healthy	WGS	copied
seq022714_NC_wgs	healthy	WGS	copied
seq022715_NC_wgs	healthy	WGS	copied
seq030655_NC_wgs	healthy	WGS	copied
seq030656_NC_wgs	healthy	WGS	copied
seq030689_NC_wgs	healthy	WGS	copied
seq030709_NC_wgs	healthy	WGS	copied
seq030715_NC_wgs	healthy	WGS	copied
seq030745_NC_wgs	healthy	WGS	copied
seq030920_NC_wgs	healthy	WGS	copied
seq030923_NC_wgs	healthy	WGS	copied
seq030946_NC_wgs	healthy	WGS	copied
seq030950_NC_wgs	healthy	WGS	copied
seq030970_NC_wgs	healthy	WGS	copied
seq030997_NC_wgs	healthy	WGS	copied
seq031164_NC_wgs	healthy	WGS	copied
seq031196_NC_wgs	healthy	WGS	copied
seq031338_NC_wgs	healthy	WGS	copied
seq031353_NC_wgs	healthy	WGS	copied
seq036752_NC_wgs	healthy	WGS	copied
seq036788_NC_wgs	healthy	WGS	copied
seq036939_NC_wgs	healthy	WGS	copied
seq036965_NC_wgs	healthy	WGS	copied
seq037388_NC_wgs	healthy	WGS	copied
seq037923_NC_wgs	healthy	WGS	copied
seq037971_NC_wgs	healthy	WGS	copied
seq038096_NC_wgs	healthy	WGS	copied
seq038176_NC_wgs	healthy	WGS	copied
seq038287_NC_wgs	healthy	WGS	copied
seq038288_NC_wgs	healthy	WGS	copied
seq038311_NC_wgs	healthy	WGS	copied
seq038371_NC_wgs	healthy	WGS	copied
seq038481_NC_wgs	healthy	WGS	copied
seq038495_NC_wgs	healthy	WGS	copied
seq038760_NC_wgs	healthy	WGS	copied
seq038789_NC_wgs	healthy	WGS	copied
seq039343_NC_wgs	healthy	WGS	copied
seq039498_NC_wgs	healthy	WGS	copied
seq039689_NC_wgs	healthy	WGS	copied
seq039697_NC_wgs	healthy	WGS	copied
seq039736_NC_wgs	healthy	WGS	copied
seq039772_NC_wgs	healthy	WGS	copied
seq039778_NC_wgs	healthy	WGS	copied
seq039901_NC_wgs	healthy	WGS	copied
seq039956_NC_wgs	healthy	WGS	copied
seq040104_NC_wgs	healthy	WGS	copied
seq040117_NC_wgs	healthy	WGS	copied
seq040145_NC_wgs	healthy	WGS	copied
seq040309_NC_wgs	healthy	WGS	copied
seq040322_NC_wgs	healthy	WGS	copied
seq040341_NC_wgs	healthy	WGS	copied
seq040463_NC_wgs	healthy	WGS	copied
seq040489_NC_wgs	healthy	WGS	copied
seq040875_NC_wgs	healthy	WGS	copied
seq041066_NC_wgs	healthy	WGS	copied
seq041121_NC_wgs	healthy	WGS	copied
seq043541_NC_wgs	healthy	WGS	copied
seq043585_NC_wgs	healthy	WGS	copied
seq043741_NC_wgs	healthy	WGS	copied
seq043767_NC_wgs	healthy	WGS	copied
seq043779_NC_wgs	healthy	WGS	copied
seq043947_NC_wgs	healthy	WGS	copied
seq044293_NC_wgs	healthy	WGS	copied
seq044302_NC_wgs	healthy	WGS	copied
seq044352_NC_wgs	healthy	WGS	copied
seq015743_IV_wgs	cancer	WGS	copied
seq015809_IV_wgs	cancer	WGS	copied
seq015836_IV_wgs	cancer	WGS	copied
seq015892_IV_wgs	cancer	WGS	copied
seq016097_IV_wgs	cancer	WGS	copied
seq016105_IV_wgs	cancer	WGS	copied
seq016121_IV_wgs	cancer	WGS	copied
seq016157_IV_wgs	cancer	WGS	copied
seq016176_IV_wgs	cancer	WGS	copied
seq017050_IV_wgs	cancer	WGS	copied
seq017073_IV_wgs	cancer	WGS	copied
seq017224_IV_wgs	cancer	WGS	copied
seq017463_IV_wgs	cancer	WGS	copied
seq017849_IV_wgs	cancer	WGS	copied
seq017864_IV_wgs	cancer	WGS	copied
seq018068_IV_wgs	cancer	WGS	copied
seq018092_IV_wgs	cancer	WGS	copied
seq018115_IV_wgs	cancer	WGS	copied
seq019050_IV_wgs	cancer	WGS	copied
seq019092_IV_wgs	cancer	WGS	copied
seq019233_IV_wgs	cancer	WGS	copied
seq019301_IV_wgs	cancer	WGS	copied
seq019307_IV_wgs	cancer	WGS	copied
seq019428_IV_wgs	cancer	WGS	copied
seq019438_IV_wgs	cancer	WGS	copied
seq019612_IV_wgs	cancer	WGS	copied
seq019638_IV_wgs	cancer	WGS	copied
seq030930_IV_wgs	cancer	WGS	copied
seq030942_IV_wgs	cancer	WGS	copied
seq030974_IV_wgs	cancer	WGS	copied
seq030996_IV_wgs	cancer	WGS	copied
seq031139_IV_wgs	cancer	WGS	copied
seq031158_IV_wgs	cancer	WGS	copied
seq031187_IV_wgs	cancer	WGS	copied
seq031300_IV_wgs	cancer	WGS	copied
seq031320_IV_wgs	cancer	WGS	copied
seq031332_IV_wgs	cancer	WGS	copied
seq031357_IV_wgs	cancer	WGS	copied
seq036635_IV_wgs	cancer	WGS	copied
seq036787_IV_wgs	cancer	WGS	copied
seq037384_IV_wgs	cancer	WGS	copied
seq037903_IV_wgs	cancer	WGS	copied
seq037988_IV_wgs	cancer	WGS	copied
seq038483_IV_wgs	cancer	WGS	copied
seq039004_IV_wgs	cancer	WGS	copied
seq039160_IV_wgs	cancer	WGS	copied
seq039311_IV_wgs	cancer	WGS	copied
seq039696_IV_wgs	cancer	WGS	copied
seq039716_IV_wgs	cancer	WGS	copied
seq039721_IV_wgs	cancer	WGS	copied
seq040102_IV_wgs	cancer	WGS	copied
seq040138_IV_wgs	cancer	WGS	copied
seq040160_IV_wgs	cancer	WGS	copied
seq040273_IV_wgs	cancer	WGS	copied
seq040464_IV_wgs	cancer	WGS	copied
seq040513_IV_wgs	cancer	WGS	copied
seq040732_IV_wgs	cancer	WGS	copied
seq040890_IV_wgs	cancer	WGS	copied
seq040895_IV_wgs	cancer	WGS	copied
seq040904_IV_wgs	cancer	WGS	copied
seq041278_IV_wgs	cancer	WGS	copied
seq041299_IV_wgs	cancer	WGS	copied
seq041643_IV_wgs	cancer	WGS	copied
seq041648_IV_wgs	cancer	WGS	copied
seq041656_IV_wgs	cancer	WGS	copied
seq043195_IV_wgs	cancer	WGS	copied
seq043218_IV_wgs	cancer	WGS	copied
seq043412_IV_wgs	cancer	WGS	copied
seq044173_IV_wgs	cancer	WGS	copied
seq044348_IV_wgs	cancer	WGS	copied
seq044371_IV_wgs	cancer	WGS	copied
seq015572_NC_hmc	healthy	5hmC	copied
seq015615_NC_hmc	healthy	5hmC	copied
seq015653_NC_hmc	healthy	5hmC	copied
seq015655_NC_hmc	healthy	5hmC	copied
seq015661_NC_hmc	healthy	5hmC	copied
seq015675_NC_hmc	healthy	5hmC	copied
seq016197_NC_hmc	healthy	5hmC	copied
seq016212_NC_hmc	healthy	5hmC	copied
seq016226_NC_hmc	healthy	5hmC	copied
seq016234_NC_hmc	healthy	5hmC	copied
seq016284_NC_hmc	healthy	5hmC	copied
seq017157_NC_hmc	healthy	5hmC	copied
seq017164_NC_hmc	healthy	5hmC	copied
seq017166_NC_hmc	healthy	5hmC	copied
seq017179_NC_hmc	healthy	5hmC	copied
seq017185_NC_hmc	healthy	5hmC	copied
seq017318_NC_hmc	healthy	5hmC	copied
seq017329_NC_hmc	healthy	5hmC	copied
seq017332_NC_hmc	healthy	5hmC	copied
seq017345_NC_hmc	healthy	5hmC	copied
seq017350_NC_hmc	healthy	5hmC	copied
seq017357_NC_hmc	healthy	5hmC	copied
seq017363_NC_hmc	healthy	5hmC	copied
seq017382_NC_hmc	healthy	5hmC	copied
seq017393_NC_hmc	healthy	5hmC	copied
seq017407_NC_hmc	healthy	5hmC	copied
seq017520_NC_hmc	healthy	5hmC	copied
seq017545_NC_hmc	healthy	5hmC	copied
seq017548_NC_hmc	healthy	5hmC	copied
seq017588_NC_hmc	healthy	5hmC	copied
seq017589_NC_hmc	healthy	5hmC	copied
seq017599_NC_hmc	healthy	5hmC	copied
seq017727_NC_hmc	healthy	5hmC	copied
seq017729_NC_hmc	healthy	5hmC	copied
seq017744_NC_hmc	healthy	5hmC	copied
seq017779_NC_hmc	healthy	5hmC	copied
seq017781_NC_hmc	healthy	5hmC	copied
seq017782_NC_hmc	healthy	5hmC	copied
seq017995_NC_hmc	healthy	5hmC	copied
seq018005_NC_hmc	healthy	5hmC	copied
seq018157_NC_hmc	healthy	5hmC	copied
seq018162_NC_hmc	healthy	5hmC	copied
seq018171_NC_hmc	healthy	5hmC	copied
seq018175_NC_hmc	healthy	5hmC	copied
seq018197_NC_hmc	healthy	5hmC	copied
seq018203_NC_hmc	healthy	5hmC	copied
seq018217_NC_hmc	healthy	5hmC	copied
seq018371_NC_hmc	healthy	5hmC	copied
seq018373_NC_hmc	healthy	5hmC	copied
seq018408_NC_hmc	healthy	5hmC	copied
seq018422_NC_hmc	healthy	5hmC	copied
seq018431_NC_hmc	healthy	5hmC	copied
seq018561_NC_hmc	healthy	5hmC	copied
seq018577_NC_hmc	healthy	5hmC	copied
seq018594_NC_hmc	healthy	5hmC	copied
seq018596_NC_hmc	healthy	5hmC	copied
seq018597_NC_hmc	healthy	5hmC	copied
seq018648_NC_hmc	healthy	5hmC	copied
seq018804_NC_hmc	healthy	5hmC	copied
seq018806_NC_hmc	healthy	5hmC	copied
seq018835_NC_hmc	healthy	5hmC	copied
seq018975_NC_hmc	healthy	5hmC	copied
seq019006_NC_hmc	healthy	5hmC	copied
seq019009_NC_hmc	healthy	5hmC	copied
seq019029_NC_hmc	healthy	5hmC	copied
seq019161_NC_hmc	healthy	5hmC	copied
seq019170_NC_hmc	healthy	5hmC	copied
seq019197_NC_hmc	healthy	5hmC	copied
seq019221_NC_hmc	healthy	5hmC	copied
seq019223_NC_hmc	healthy	5hmC	copied
seq019362_NC_hmc	healthy	5hmC	copied
seq019380_NC_hmc	healthy	5hmC	copied
seq019384_NC_hmc	healthy	5hmC	copied
seq019405_NC_hmc	healthy	5hmC	copied
seq019519_NC_hmc	healthy	5hmC	copied
seq019526_NC_hmc	healthy	5hmC	copied
seq019540_NC_hmc	healthy	5hmC	copied
seq019544_NC_hmc	healthy	5hmC	copied
seq019555_NC_hmc	healthy	5hmC	copied
seq019561_NC_hmc	healthy	5hmC	copied
seq019564_NC_hmc	healthy	5hmC	copied
seq019567_NC_hmc	healthy	5hmC	copied
seq019606_NC_hmc	healthy	5hmC	copied
seq022790_NC_hmc	healthy	5hmC	copied
seq022792_NC_hmc	healthy	5hmC	copied
seq022802_NC_hmc	healthy	5hmC	copied
seq022810_NC_hmc	healthy	5hmC	copied
seq022811_NC_hmc	healthy	5hmC	copied
seq030751_NC_hmc	healthy	5hmC	copied
seq030752_NC_hmc	healthy	5hmC	copied
seq030785_NC_hmc	healthy	5hmC	copied
seq030805_NC_hmc	healthy	5hmC	copied
seq030811_NC_hmc	healthy	5hmC	copied
seq030841_NC_hmc	healthy	5hmC	copied
seq031016_NC_hmc	healthy	5hmC	copied
seq031019_NC_hmc	healthy	5hmC	copied
seq031042_NC_hmc	healthy	5hmC	copied
seq031046_NC_hmc	healthy	5hmC	copied
seq031066_NC_hmc	healthy	5hmC	copied
seq031093_NC_hmc	healthy	5hmC	copied
seq031260_NC_hmc	healthy	5hmC	copied
seq031292_NC_hmc	healthy	5hmC	copied
seq031434_NC_hmc	healthy	5hmC	copied
seq031449_NC_hmc	healthy	5hmC	copied
seq036848_NC_hmc	healthy	5hmC	copied
seq036884_NC_hmc	healthy	5hmC	copied
seq037035_NC_hmc	healthy	5hmC	copied
seq037061_NC_hmc	healthy	5hmC	copied
seq037484_NC_hmc	healthy	5hmC	copied
seq038019_NC_hmc	healthy	5hmC	copied
seq038067_NC_hmc	healthy	5hmC	copied
seq038192_NC_hmc	healthy	5hmC	copied
seq038272_NC_hmc	healthy	5hmC	copied
seq038383_NC_hmc	healthy	5hmC	copied
seq038384_NC_hmc	healthy	5hmC	copied
seq038407_NC_hmc	healthy	5hmC	copied
seq038467_NC_hmc	healthy	5hmC	copied
seq038577_NC_hmc	healthy	5hmC	copied
seq038591_NC_hmc	healthy	5hmC	copied
seq038856_NC_hmc	healthy	5hmC	copied
seq038885_NC_hmc	healthy	5hmC	copied
seq039439_NC_hmc	healthy	5hmC	copied
seq039594_NC_hmc	healthy	5hmC	copied
seq039785_NC_hmc	healthy	5hmC	copied
seq039793_NC_hmc	healthy	5hmC	copied
seq039832_NC_hmc	healthy	5hmC	copied
seq039868_NC_hmc	healthy	5hmC	copied
seq039874_NC_hmc	healthy	5hmC	copied
seq039997_NC_hmc	healthy	5hmC	copied
seq040052_NC_hmc	healthy	5hmC	copied
seq040200_NC_hmc	healthy	5hmC	copied
seq040213_NC_hmc	healthy	5hmC	copied
seq040241_NC_hmc	healthy	5hmC	copied
seq040405_NC_hmc	healthy	5hmC	copied
seq040418_NC_hmc	healthy	5hmC	copied
seq040437_NC_hmc	healthy	5hmC	copied
seq040559_NC_hmc	healthy	5hmC	copied
seq040585_NC_hmc	healthy	5hmC	copied
seq040971_NC_hmc	healthy	5hmC	copied
seq041162_NC_hmc	healthy	5hmC	copied
seq041217_NC_hmc	healthy	5hmC	copied
seq043637_NC_hmc	healthy	5hmC	copied
seq043681_NC_hmc	healthy	5hmC	copied
seq043837_NC_hmc	healthy	5hmC	copied
seq043863_NC_hmc	healthy	5hmC	copied
seq043875_NC_hmc	healthy	5hmC	copied
seq044043_NC_hmc	healthy	5hmC	copied
seq044389_NC_hmc	healthy	5hmC	copied
seq044398_NC_hmc	healthy	5hmC	copied
seq044448_NC_hmc	healthy	5hmC	copied
seq015551_IV_hmc	cancer	5hmC	copied
seq015617_IV_hmc	cancer	5hmC	copied
seq015644_IV_hmc	cancer	5hmC	copied
seq015700_IV_hmc	cancer	5hmC	copied
seq016193_IV_hmc	cancer	5hmC	copied
seq016201_IV_hmc	cancer	5hmC	copied
seq016217_IV_hmc	cancer	5hmC	copied
seq016253_IV_hmc	cancer	5hmC	copied
seq016272_IV_hmc	cancer	5hmC	copied
seq017146_IV_hmc	cancer	5hmC	copied
seq017169_IV_hmc	cancer	5hmC	copied
seq017320_IV_hmc	cancer	5hmC	copied
seq017559_IV_hmc	cancer	5hmC	copied
seq017945_IV_hmc	cancer	5hmC	copied
seq017960_IV_hmc	cancer	5hmC	copied
seq018164_IV_hmc	cancer	5hmC	copied
seq018188_IV_hmc	cancer	5hmC	copied
seq018211_IV_hmc	cancer	5hmC	copied
seq019146_IV_hmc	cancer	5hmC	copied
seq019188_IV_hmc	cancer	5hmC	copied
seq019329_IV_hmc	cancer	5hmC	copied
seq019397_IV_hmc	cancer	5hmC	copied
seq019403_IV_hmc	cancer	5hmC	copied
seq019524_IV_hmc	cancer	5hmC	copied
seq019534_IV_hmc	cancer	5hmC	copied
seq019708_IV_hmc	cancer	5hmC	copied
seq019734_IV_hmc	cancer	5hmC	copied
seq031026_IV_hmc	cancer	5hmC	copied
seq031038_IV_hmc	cancer	5hmC	copied
seq031070_IV_hmc	cancer	5hmC	copied
seq031092_IV_hmc	cancer	5hmC	copied
seq031235_IV_hmc	cancer	5hmC	copied
seq031254_IV_hmc	cancer	5hmC	copied
seq031283_IV_hmc	cancer	5hmC	copied
seq031396_IV_hmc	cancer	5hmC	copied
seq031416_IV_hmc	cancer	5hmC	copied
seq031428_IV_hmc	cancer	5hmC	copied
seq031453_IV_hmc	cancer	5hmC	copied
seq036731_IV_hmc	cancer	5hmC	copied
seq036883_IV_hmc	cancer	5hmC	copied
seq037480_IV_hmc	cancer	5hmC	copied
seq037999_IV_hmc	cancer	5hmC	copied
seq038084_IV_hmc	cancer	5hmC	copied
seq038579_IV_hmc	cancer	5hmC	copied
seq039100_IV_hmc	cancer	5hmC	copied
seq039256_IV_hmc	cancer	5hmC	copied
seq039407_IV_hmc	cancer	5hmC	copied
seq039792_IV_hmc	cancer	5hmC	copied
seq039812_IV_hmc	cancer	5hmC	copied
seq039817_IV_hmc	cancer	5hmC	copied
seq040198_IV_hmc	cancer	5hmC	copied
seq040234_IV_hmc	cancer	5hmC	copied
seq040256_IV_hmc	cancer	5hmC	copied
seq040369_IV_hmc	cancer	5hmC	copied
seq040560_IV_hmc	cancer	5hmC	copied
seq040609_IV_hmc	cancer	5hmC	copied
seq040828_IV_hmc	cancer	5hmC	copied
seq040986_IV_hmc	cancer	5hmC	copied
seq040991_IV_hmc	cancer	5hmC	copied
seq041000_IV_hmc	cancer	5hmC	copied
seq041374_IV_hmc	cancer	5hmC	copied
seq041395_IV_hmc	cancer	5hmC	copied
seq041739_IV_hmc	cancer	5hmC	copied
seq041744_IV_hmc	cancer	5hmC	copied
seq041752_IV_hmc	cancer	5hmC	copied
seq043291_IV_hmc	cancer	5hmC	copied
seq043314_IV_hmc	cancer	5hmC	copied
seq043508_IV_hmc	cancer	5hmC	copied
seq044269_IV_hmc	cancer	5hmC	copied
seq044444_IV_hmc	cancer	5hmC	copied
seq044467_IV_hmc	cancer	5hmC	copied
