end	motif	group	category	count	total	pct
3prime	GGGGG	cancer	140-220	48631	55910	86.98086209980326
3prime	GGGGG	cancer	221-400	1859	55910	3.324986585583974
3prime	GGGGG	cancer	<140	5314	55910	9.504560901448757
3prime	GGGGG	cancer	>400	106	55910	0.1895904131640136
3prime	GGGGG	healthy	140-220	20050	23247	86.24768787370414
3prime	GGGGG	healthy	221-400	753	23247	3.239127629371532
3prime	GGGGG	healthy	<140	2444	23247	10.513184496924334
3prime	TCTCA	cancer	140-220	86760	102972	84.25591422911083
3prime	TCTCA	cancer	221-400	3237	102972	3.1435730101386783
3prime	TCTCA	cancer	<140	12881	102972	12.509225808957774
3prime	TCTCA	cancer	>400	94	102972	0.09128695179272035
3prime	TCTCA	healthy	140-220	79226	97167	81.5359123982422
3prime	TCTCA	healthy	221-400	2811	97167	2.8929574855660873
3prime	TCTCA	healthy	<140	15130	97167	15.57113011619171
3prime	TTCCA	cancer	140-220	83896	98106	85.515666727825
3prime	TTCCA	cancer	221-400	3079	98106	3.1384420932460806
3prime	TTCCA	cancer	<140	11045	98106	11.258230893115611
3prime	TTCCA	cancer	>400	86	98106	0.08766028581330397
3prime	TTCCA	healthy	140-220	75481	90683	83.23610820109613
3prime	TTCCA	healthy	221-400	2495	90683	2.75134258901889
3prime	TTCCA	healthy	<140	12707	90683	14.012549209884984
3prime	TTTCA	cancer	140-220	85702	101034	84.82491042619317
3prime	TTTCA	cancer	221-400	3237	101034	3.203871963893343
3prime	TTTCA	cancer	<140	11957	101034	11.834629926559376
3prime	TTTCA	cancer	>400	138	101034	0.13658768335411842
3prime	TTTCA	healthy	140-220	78359	94828	82.6327666933817
3prime	TTTCA	healthy	221-400	2775	94828	2.926350866832581
3prime	TTTCA	healthy	<140	13694	94828	14.440882439785717
5prime	ACTTC	cancer	140-220	85515	99859	85.63574640242743
5prime	ACTTC	cancer	221-400	3576	99859	3.581049279484073
5prime	ACTTC	cancer	<140	10678	99859	10.69307723890686
5prime	ACTTC	cancer	>400	90	99859	0.09012707918164611
5prime	ACTTC	healthy	140-220	80695	94851	85.0755395304214
5prime	ACTTC	healthy	221-400	3199	94851	3.3726581691284223
5prime	ACTTC	healthy	<140	10957	94851	11.55180230045018
5prime	ACTTT	cancer	140-220	85378	101802	83.86672167540912
5prime	ACTTT	cancer	221-400	3756	101802	3.6895149407673715
5prime	ACTTT	cancer	<140	12557	101802	12.334728197874306
5prime	ACTTT	cancer	>400	111	101802	0.1090351859491955
5prime	ACTTT	healthy	140-220	80667	95755	84.24312046368337
5prime	ACTTT	healthy	221-400	3079	95755	3.2154978852279257
5prime	ACTTT	healthy	<140	12009	95755	12.541381651088715
5prime	ATTTC	cancer	140-220	82075	97984	83.76367570215545
5prime	ATTTC	cancer	221-400	3974	97984	4.055764206401045
5prime	ATTTC	cancer	<140	11835	97984	12.078502612671455
5prime	ATTTC	cancer	>400	100	97984	0.10205747877204442
5prime	ATTTC	healthy	140-220	75851	90888	83.45546166710676
5prime	ATTTC	healthy	221-400	3397	90888	3.737567115570813
5prime	ATTTC	healthy	<140	11640	90888	12.806971217322419
5prime	GATCG	cancer	140-220	11044	12669	87.17341542347462
5prime	GATCG	cancer	221-400	405	12669	3.1967795406109403
5prime	GATCG	cancer	<140	1204	12669	9.503512510853264
5prime	GATCG	cancer	>400	16	12669	0.12629252506117294
5prime	GATCG	healthy	140-220	4167	4800	86.8125
5prime	GATCG	healthy	221-400	165	4800	3.4375000000000004
5prime	GATCG	healthy	<140	468	4800	9.75
