end	motif	group	count	mean	median	min	max	q1	q3	std
3prime	GGGGG	cancer	55910	169.58175639420497	168.0	38	590	157.0	180.0	33.03633311769774
3prime	GGGGG	healthy	23247	167.85473394416485	168.0	45	350	156.0	180.0	29.47103889500888
3prime	TCTCA	cancer	102972	166.58370236569164	168.0	38	576	154.0	179.0	34.23637867163792
3prime	TCTCA	healthy	97167	162.71764076281042	167.0	35	351	150.0	179.0	34.438948275858465
3prime	TTCCA	cancer	98106	167.58667155933378	168.0	38	586	155.0	180.0	33.39052446912519
3prime	TTCCA	healthy	90683	164.02064333998655	167.0	19	350	151.0	179.0	32.844974748707116
3prime	TTTCA	cancer	101034	167.01556901637073	168.0	37	586	154.0	179.0	34.99950023184827
3prime	TTTCA	healthy	94828	163.13260851225377	167.0	34	350	151.0	179.0	33.82694703366573
5prime	ACTTC	cancer	99859	168.13806467118638	167.0	38	588	154.0	179.0	32.09100180778974
5prime	ACTTC	healthy	94851	166.65696724336064	167.0	39	350	154.0	179.0	30.076633407061426
5prime	ACTTT	cancer	101802	166.9618475079075	166.0	18	571	152.0	178.0	33.08445037965718
5prime	ACTTT	healthy	95755	165.70384836300977	166.0	37	350	152.0	178.0	30.054942644664667
5prime	ATTTC	cancer	97984	168.0264124755062	167.0	17	577	153.0	179.0	33.73831472698633
5prime	ATTTC	healthy	90888	166.2941532435525	167.0	37	350	153.0	180.0	31.1302319641133
5prime	GATCG	cancer	12669	169.20119977898807	168.0	35	573	156.0	180.0	32.27359034662799
5prime	GATCG	healthy	4800	169.02854166666665	169.0	38	340	157.0	180.0	29.324481435465895
